city_name,state,country,latitude,longitude,weather_date,temperature_max_f,temperature_min_f,precipitation_in,wind_speed_max_mph
Mesa,AZ,USA,33.4152,-111.8315,2024-01-01,65.5,45.1,0.0,8.1
Mesa,AZ,USA,33.4152,-111.8315,2024-01-02,62.1,40.5,0.0,4.7
Mesa,AZ,USA,33.4152,-111.8315,2024-01-03,64.5,40.4,0.047,13.5
Mesa,AZ,USA,33.4152,-111.8315,2024-01-04,56.7,40.7,0.004,8.2
Mesa,AZ,USA,33.4152,-111.8315,2024-01-05,56.6,38.3,0.0,7.0
Mesa,AZ,USA,33.4152,-111.8315,2024-01-06,58.6,36.1,0.0,6.2
Mesa,AZ,USA,33.4152,-111.8315,2024-01-07,51.9,39.4,0.063,15.4
Mesa,AZ,USA,33.4152,-111.8315,2024-01-08,50.2,31.7,0.0,8.5
Mesa,AZ,USA,33.4152,-111.8315,2024-01-09,52.3,32.4,0.0,7.1
Mesa,AZ,USA,33.4152,-111.8315,2024-01-10,57.5,31.3,0.0,4.4
Mesa,AZ,USA,33.4152,-111.8315,2024-01-11,57.2,37.2,0.087,22.5
Mesa,AZ,USA,33.4152,-111.8315,2024-01-12,54.5,31.5,0.0,6.5
Mesa,AZ,USA,33.4152,-111.8315,2024-01-13,60.4,34.0,0.0,6.7
Mesa,AZ,USA,33.4152,-111.8315,2024-01-14,63.8,38.0,0.0,6.1
Mesa,AZ,USA,33.4152,-111.8315,2024-01-15,64.8,37.0,0.0,6.2
Mesa,AZ,USA,33.4152,-111.8315,2024-01-16,67.0,40.2,0.0,7.4
Mesa,AZ,USA,33.4152,-111.8315,2024-01-17,69.1,41.1,0.0,7.1
Mesa,AZ,USA,33.4152,-111.8315,2024-01-18,72.8,45.1,0.0,7.8
Mesa,AZ,USA,33.4152,-111.8315,2024-01-19,75.4,49.0,0.0,8.6
Mesa,AZ,USA,33.4152,-111.8315,2024-01-20,74.3,50.3,0.0,7.9
Mesa,AZ,USA,33.4152,-111.8315,2024-01-21,56.9,51.4,0.154,8.4
Mesa,AZ,USA,33.4152,-111.8315,2024-01-22,62.9,45.2,0.453,11.0
Mesa,AZ,USA,33.4152,-111.8315,2024-01-23,56.1,48.4,1.087,16.4
Mesa,AZ,USA,33.4152,-111.8315,2024-01-24,60.6,45.6,0.008,5.7
Mesa,AZ,USA,33.4152,-111.8315,2024-01-25,62.9,45.0,0.024,8.6
Mesa,AZ,USA,33.4152,-111.8315,2024-01-26,63.6,43.2,0.0,8.5
Mesa,AZ,USA,33.4152,-111.8315,2024-01-27,68.5,46.0,0.0,12.8
Mesa,AZ,USA,33.4152,-111.8315,2024-01-28,73.4,49.9,0.0,13.0
Mesa,AZ,USA,33.4152,-111.8315,2024-01-29,75.2,51.7,0.0,11.3
Mesa,AZ,USA,33.4152,-111.8315,2024-01-30,76.9,51.3,0.0,9.3
Mesa,AZ,USA,33.4152,-111.8315,2024-01-31,76.6,50.5,0.0,7.2
Mesa,AZ,USA,33.4152,-111.8315,2024-02-01,77.1,54.0,0.315,17.8
Mesa,AZ,USA,33.4152,-111.8315,2024-02-02,59.8,46.2,0.823,14.0
Mesa,AZ,USA,33.4152,-111.8315,2024-02-03,60.2,41.8,0.0,7.0
Mesa,AZ,USA,33.4152,-111.8315,2024-02-04,65.3,41.1,0.0,8.5
Mesa,AZ,USA,33.4152,-111.8315,2024-02-05,73.8,46.0,0.0,9.0
Mesa,AZ,USA,33.4152,-111.8315,2024-02-06,63.6,51.5,0.386,16.3
Mesa,AZ,USA,33.4152,-111.8315,2024-02-07,55.3,46.0,0.563,10.6
Mesa,AZ,USA,33.4152,-111.8315,2024-02-08,58.6,40.5,0.094,18.7
Mesa,AZ,USA,33.4152,-111.8315,2024-02-09,55.8,37.5,0.0,5.3
Mesa,AZ,USA,33.4152,-111.8315,2024-02-10,53.6,42.0,0.142,10.1
Mesa,AZ,USA,33.4152,-111.8315,2024-02-11,56.3,35.8,0.0,5.5
Mesa,AZ,USA,33.4152,-111.8315,2024-02-12,62.3,39.4,0.0,8.7
Mesa,AZ,USA,33.4152,-111.8315,2024-02-13,67.1,40.7,0.0,7.3
Mesa,AZ,USA,33.4152,-111.8315,2024-02-14,65.6,41.2,0.0,5.8
Mesa,AZ,USA,33.4152,-111.8315,2024-02-15,68.8,41.6,0.0,6.4
Mesa,AZ,USA,33.4152,-111.8315,2024-02-16,68.3,42.9,0.0,5.4
Mesa,AZ,USA,33.4152,-111.8315,2024-02-17,69.6,45.3,0.0,6.5
Mesa,AZ,USA,33.4152,-111.8315,2024-02-18,72.7,45.6,0.0,6.0
Mesa,AZ,USA,33.4152,-111.8315,2024-02-19,76.4,47.9,0.0,6.7
Mesa,AZ,USA,33.4152,-111.8315,2024-02-20,76.9,49.1,0.0,6.5
Mesa,AZ,USA,33.4152,-111.8315,2024-02-21,71.5,49.6,0.0,11.5
Mesa,AZ,USA,33.4152,-111.8315,2024-02-22,72.1,49.5,0.0,7.3
Mesa,AZ,USA,33.4152,-111.8315,2024-02-23,77.5,50.8,0.0,10.5
Mesa,AZ,USA,33.4152,-111.8315,2024-02-24,78.1,52.8,0.0,11.1
Mesa,AZ,USA,33.4152,-111.8315,2024-02-25,81.6,53.2,0.0,8.4
Mesa,AZ,USA,33.4152,-111.8315,2024-02-26,72.8,60.5,0.0,15.9
Mesa,AZ,USA,33.4152,-111.8315,2024-02-27,74.0,53.5,0.0,8.5
Mesa,AZ,USA,33.4152,-111.8315,2024-02-28,74.3,51.5,0.004,13.4
Mesa,AZ,USA,33.4152,-111.8315,2024-02-29,73.0,48.7,0.0,7.0
Mesa,AZ,USA,33.4152,-111.8315,2024-03-01,76.4,48.8,0.0,6.7
Mesa,AZ,USA,33.4152,-111.8315,2024-03-02,74.8,49.6,0.0,11.3
Mesa,AZ,USA,33.4152,-111.8315,2024-03-03,70.7,50.0,0.0,12.5
Mesa,AZ,USA,33.4152,-111.8315,2024-03-04,71.0,48.0,0.0,9.7
Mesa,AZ,USA,33.4152,-111.8315,2024-03-05,73.7,46.2,0.0,6.2
Mesa,AZ,USA,33.4152,-111.8315,2024-03-06,73.4,50.3,0.0,6.6
Mesa,AZ,USA,33.4152,-111.8315,2024-03-07,61.4,49.7,0.606,9.8
Mesa,AZ,USA,33.4152,-111.8315,2024-03-08,65.8,47.5,0.059,15.2
Mesa,AZ,USA,33.4152,-111.8315,2024-03-09,72.0,47.2,0.0,8.8
Mesa,AZ,USA,33.4152,-111.8315,2024-03-10,77.0,51.2,0.0,12.3
Mesa,AZ,USA,33.4152,-111.8315,2024-03-11,79.1,50.5,0.0,8.4
Mesa,AZ,USA,33.4152,-111.8315,2024-03-12,75.9,50.5,0.0,7.4
Mesa,AZ,USA,33.4152,-111.8315,2024-03-13,74.7,50.6,0.0,15.3
Mesa,AZ,USA,33.4152,-111.8315,2024-03-14,71.3,48.5,0.012,11.6
Mesa,AZ,USA,33.4152,-111.8315,2024-03-15,61.7,49.4,0.071,17.5
Mesa,AZ,USA,33.4152,-111.8315,2024-03-16,64.0,44.1,0.012,7.1
Mesa,AZ,USA,33.4152,-111.8315,2024-03-17,65.5,48.4,0.028,7.9
Mesa,AZ,USA,33.4152,-111.8315,2024-03-18,70.2,47.9,0.075,19.9
Mesa,AZ,USA,33.4152,-111.8315,2024-03-19,73.4,50.5,0.0,10.1
Mesa,AZ,USA,33.4152,-111.8315,2024-03-20,75.7,50.3,0.0,9.4
Mesa,AZ,USA,33.4152,-111.8315,2024-03-21,80.3,51.2,0.0,11.0
Mesa,AZ,USA,33.4152,-111.8315,2024-03-22,83.4,54.3,0.0,8.8
Mesa,AZ,USA,33.4152,-111.8315,2024-03-23,82.5,57.3,0.02,16.6
Mesa,AZ,USA,33.4152,-111.8315,2024-03-24,63.2,50.4,0.654,17.0
Mesa,AZ,USA,33.4152,-111.8315,2024-03-25,67.0,44.9,0.012,12.6
Mesa,AZ,USA,33.4152,-111.8315,2024-03-26,63.2,47.8,0.024,14.2
Mesa,AZ,USA,33.4152,-111.8315,2024-03-27,72.2,46.0,0.0,6.9
Mesa,AZ,USA,33.4152,-111.8315,2024-03-28,79.2,50.0,0.0,7.2
Mesa,AZ,USA,33.4152,-111.8315,2024-03-29,82.2,51.4,0.0,11.0
Mesa,AZ,USA,33.4152,-111.8315,2024-03-30,82.8,55.0,0.0,20.9
Mesa,AZ,USA,33.4152,-111.8315,2024-03-31,62.0,49.1,0.697,14.4
Mesa,AZ,USA,33.4152,-111.8315,2024-04-01,61.3,46.5,0.126,5.9
Mesa,AZ,USA,33.4152,-111.8315,2024-04-02,70.2,45.9,0.0,5.8
Mesa,AZ,USA,33.4152,-111.8315,2024-04-03,76.3,48.0,0.0,6.3
Mesa,AZ,USA,33.4152,-111.8315,2024-04-04,83.6,49.3,0.0,12.0
Mesa,AZ,USA,33.4152,-111.8315,2024-04-05,64.9,51.6,0.091,17.0
Mesa,AZ,USA,33.4152,-111.8315,2024-04-06,63.2,42.4,0.0,9.6
Mesa,AZ,USA,33.4152,-111.8315,2024-04-07,72.1,43.9,0.0,8.9
Mesa,AZ,USA,33.4152,-111.8315,2024-04-08,74.2,47.3,0.0,8.7
Mesa,AZ,USA,33.4152,-111.8315,2024-04-09,83.3,48.3,0.0,14.2
Mesa,AZ,USA,33.4152,-111.8315,2024-04-10,84.7,51.4,0.0,6.6
Mesa,AZ,USA,33.4152,-111.8315,2024-04-11,91.9,56.6,0.0,8.4
Mesa,AZ,USA,33.4152,-111.8315,2024-04-12,91.1,60.2,0.0,15.6
Mesa,AZ,USA,33.4152,-111.8315,2024-04-13,87.4,59.1,0.0,10.3
Mesa,AZ,USA,33.4152,-111.8315,2024-04-14,81.9,55.5,0.0,14.3
Mesa,AZ,USA,33.4152,-111.8315,2024-04-15,75.8,52.2,0.0,10.0
Mesa,AZ,USA,33.4152,-111.8315,2024-04-16,85.6,53.0,0.0,7.4
Mesa,AZ,USA,33.4152,-111.8315,2024-04-17,90.0,58.4,0.0,7.1
Mesa,AZ,USA,33.4152,-111.8315,2024-04-18,91.4,59.1,0.0,7.6
Mesa,AZ,USA,33.4152,-111.8315,2024-04-19,92.5,59.7,0.0,8.3
Mesa,AZ,USA,33.4152,-111.8315,2024-04-20,92.9,63.7,0.0,8.2
Mesa,AZ,USA,33.4152,-111.8315,2024-04-21,96.8,62.2,0.0,5.9
Mesa,AZ,USA,33.4152,-111.8315,2024-04-22,97.6,66.7,0.0,13.3
Mesa,AZ,USA,33.4152,-111.8315,2024-04-23,94.7,65.3,0.0,9.9
Mesa,AZ,USA,33.4152,-111.8315,2024-04-24,90.3,63.4,0.0,14.0
Mesa,AZ,USA,33.4152,-111.8315,2024-04-25,82.0,62.7,0.0,14.9
Mesa,AZ,USA,33.4152,-111.8315,2024-04-26,80.4,57.9,0.02,20.9
Mesa,AZ,USA,33.4152,-111.8315,2024-04-27,80.2,55.7,0.0,12.6
Mesa,AZ,USA,33.4152,-111.8315,2024-04-28,84.9,56.5,0.0,7.5
Mesa,AZ,USA,33.4152,-111.8315,2024-04-29,90.5,60.2,0.0,9.2
Mesa,AZ,USA,33.4152,-111.8315,2024-04-30,93.0,64.0,0.0,10.3
Mesa,AZ,USA,33.4152,-111.8315,2024-05-01,91.4,64.7,0.0,10.0
Mesa,AZ,USA,33.4152,-111.8315,2024-05-02,90.6,64.9,0.0,7.8
Mesa,AZ,USA,33.4152,-111.8315,2024-05-03,91.7,66.3,0.0,11.1
Mesa,AZ,USA,33.4152,-111.8315,2024-05-04,92.8,65.8,0.0,11.3
Mesa,AZ,USA,33.4152,-111.8315,2024-05-05,85.4,66.4,0.0,18.3
Mesa,AZ,USA,33.4152,-111.8315,2024-05-06,84.1,57.6,0.0,9.9
Mesa,AZ,USA,33.4152,-111.8315,2024-05-07,89.5,57.4,0.0,12.3
Mesa,AZ,USA,33.4152,-111.8315,2024-05-08,89.8,62.3,0.0,15.7
Mesa,AZ,USA,33.4152,-111.8315,2024-05-09,86.5,58.6,0.0,11.9
Mesa,AZ,USA,33.4152,-111.8315,2024-05-10,90.2,60.4,0.0,11.2
Mesa,AZ,USA,33.4152,-111.8315,2024-05-11,92.3,62.3,0.0,16.2
Mesa,AZ,USA,33.4152,-111.8315,2024-05-12,92.1,64.0,0.0,8.5
Mesa,AZ,USA,33.4152,-111.8315,2024-05-13,97.9,67.8,0.0,9.1
Mesa,AZ,USA,33.4152,-111.8315,2024-05-14,96.8,68.5,0.0,8.6
Mesa,AZ,USA,33.4152,-111.8315,2024-05-15,95.5,69.4,0.0,10.6
Mesa,AZ,USA,33.4152,-111.8315,2024-05-16,94.5,70.3,0.0,14.4
Mesa,AZ,USA,33.4152,-111.8315,2024-05-17,100.2,70.8,0.0,12.2
Mesa,AZ,USA,33.4152,-111.8315,2024-05-18,100.0,74.4,0.0,13.6
Mesa,AZ,USA,33.4152,-111.8315,2024-05-19,97.4,70.3,0.0,13.3
Mesa,AZ,USA,33.4152,-111.8315,2024-05-20,90.3,68.9,0.0,15.4
Mesa,AZ,USA,33.4152,-111.8315,2024-05-21,94.4,63.6,0.0,11.7
Mesa,AZ,USA,33.4152,-111.8315,2024-05-22,94.3,64.4,0.0,9.4
Mesa,AZ,USA,33.4152,-111.8315,2024-05-23,94.3,65.0,0.0,10.0
Mesa,AZ,USA,33.4152,-111.8315,2024-05-24,97.3,67.4,0.0,13.5
Mesa,AZ,USA,33.4152,-111.8315,2024-05-25,89.2,69.2,0.0,14.1
Mesa,AZ,USA,33.4152,-111.8315,2024-05-26,95.1,65.5,0.0,7.7
Mesa,AZ,USA,33.4152,-111.8315,2024-05-27,100.0,67.7,0.0,7.5
Mesa,AZ,USA,33.4152,-111.8315,2024-05-28,103.6,70.2,0.0,10.9
Mesa,AZ,USA,33.4152,-111.8315,2024-05-29,100.5,72.0,0.0,8.5
Mesa,AZ,USA,33.4152,-111.8315,2024-05-30,101.7,70.5,0.0,8.5
Mesa,AZ,USA,33.4152,-111.8315,2024-05-31,104.1,72.7,0.0,9.0
Mesa,AZ,USA,33.4152,-111.8315,2024-06-01,104.1,73.7,0.0,10.8
Mesa,AZ,USA,33.4152,-111.8315,2024-06-02,100.5,71.3,0.0,10.0
Mesa,AZ,USA,33.4152,-111.8315,2024-06-03,100.8,72.8,0.0,8.5
Mesa,AZ,USA,33.4152,-111.8315,2024-06-04,102.5,72.5,0.0,8.6
Mesa,AZ,USA,33.4152,-111.8315,2024-06-05,106.4,76.7,0.0,12.1
Mesa,AZ,USA,33.4152,-111.8315,2024-06-06,109.9,78.3,0.0,11.2
Mesa,AZ,USA,33.4152,-111.8315,2024-06-07,109.3,78.7,0.0,8.7
Mesa,AZ,USA,33.4152,-111.8315,2024-06-08,106.5,78.9,0.0,10.1
Mesa,AZ,USA,33.4152,-111.8315,2024-06-09,104.5,78.3,0.0,11.6
Mesa,AZ,USA,33.4152,-111.8315,2024-06-10,104.3,75.1,0.0,7.7
Mesa,AZ,USA,33.4152,-111.8315,2024-06-11,108.9,77.6,0.0,9.2
Mesa,AZ,USA,33.4152,-111.8315,2024-06-12,109.9,77.9,0.0,9.3
Mesa,AZ,USA,33.4152,-111.8315,2024-06-13,107.3,80.2,0.0,8.5
Mesa,AZ,USA,33.4152,-111.8315,2024-06-14,104.4,77.8,0.0,6.9
Mesa,AZ,USA,33.4152,-111.8315,2024-06-15,110.7,78.4,0.0,13.3
Mesa,AZ,USA,33.4152,-111.8315,2024-06-16,109.6,79.6,0.0,14.8
Mesa,AZ,USA,33.4152,-111.8315,2024-06-17,104.0,78.5,0.0,14.2
Mesa,AZ,USA,33.4152,-111.8315,2024-06-18,103.4,75.1,0.0,9.5
Mesa,AZ,USA,33.4152,-111.8315,2024-06-19,103.3,78.2,0.0,9.9
Mesa,AZ,USA,33.4152,-111.8315,2024-06-20,112.6,79.3,0.0,13.1
Mesa,AZ,USA,33.4152,-111.8315,2024-06-21,115.0,90.9,0.0,17.6
Mesa,AZ,USA,33.4152,-111.8315,2024-06-22,101.3,89.3,0.0,14.7
Mesa,AZ,USA,33.4152,-111.8315,2024-06-23,103.4,84.3,0.0,9.9
Mesa,AZ,USA,33.4152,-111.8315,2024-06-24,107.2,85.3,0.0,14.9
Mesa,AZ,USA,33.4152,-111.8315,2024-06-25,103.3,84.5,0.008,7.6
Mesa,AZ,USA,33.4152,-111.8315,2024-06-26,108.0,84.4,0.0,10.2
Mesa,AZ,USA,33.4152,-111.8315,2024-06-27,110.8,87.0,0.0,14.6
Mesa,AZ,USA,33.4152,-111.8315,2024-06-28,109.5,88.0,0.0,11.9
Mesa,AZ,USA,33.4152,-111.8315,2024-06-29,108.2,86.5,0.0,9.2
Mesa,AZ,USA,33.4152,-111.8315,2024-06-30,109.9,87.4,0.0,13.6
Mesa,AZ,USA,33.4152,-111.8315,2024-07-01,105.4,80.8,0.122,14.7
Mesa,AZ,USA,33.4152,-111.8315,2024-07-02,111.1,84.6,0.0,9.6
Mesa,AZ,USA,33.4152,-111.8315,2024-07-03,110.6,85.8,0.0,14.5
Mesa,AZ,USA,33.4152,-111.8315,2024-07-04,111.4,85.1,0.0,13.3
Mesa,AZ,USA,33.4152,-111.8315,2024-07-05,115.6,85.4,0.0,12.8
Mesa,AZ,USA,33.4152,-111.8315,2024-07-06,112.0,85.3,0.0,15.0
Mesa,AZ,USA,33.4152,-111.8315,2024-07-07,111.7,85.2,0.0,11.9
Mesa,AZ,USA,33.4152,-111.8315,2024-07-08,115.2,84.7,0.0,12.7
Mesa,AZ,USA,33.4152,-111.8315,2024-07-09,113.7,86.5,0.0,10.1
Mesa,AZ,USA,33.4152,-111.8315,2024-07-10,113.7,88.6,0.0,13.4
Mesa,AZ,USA,33.4152,-111.8315,2024-07-11,113.3,88.9,0.0,18.3
Mesa,AZ,USA,33.4152,-111.8315,2024-07-12,113.0,86.1,0.0,9.8
Mesa,AZ,USA,33.4152,-111.8315,2024-07-13,109.7,87.9,0.0,15.6
Mesa,AZ,USA,33.4152,-111.8315,2024-07-14,105.4,86.6,0.0,14.6
Mesa,AZ,USA,33.4152,-111.8315,2024-07-15,105.2,84.3,0.0,15.0
Mesa,AZ,USA,33.4152,-111.8315,2024-07-16,106.3,85.1,0.0,14.2
Mesa,AZ,USA,33.4152,-111.8315,2024-07-17,108.3,85.0,0.0,10.1
Mesa,AZ,USA,33.4152,-111.8315,2024-07-18,110.2,89.8,0.0,12.9
Mesa,AZ,USA,33.4152,-111.8315,2024-07-19,110.8,88.3,0.0,10.5
Mesa,AZ,USA,33.4152,-111.8315,2024-07-20,110.0,89.1,0.0,13.3
Mesa,AZ,USA,33.4152,-111.8315,2024-07-21,103.7,87.7,0.122,20.0
Mesa,AZ,USA,33.4152,-111.8315,2024-07-22,108.1,81.7,0.0,8.5
Mesa,AZ,USA,33.4152,-111.8315,2024-07-23,110.4,90.1,0.0,11.7
Mesa,AZ,USA,33.4152,-111.8315,2024-07-24,109.9,89.9,0.008,14.4
Mesa,AZ,USA,33.4152,-111.8315,2024-07-25,106.8,88.3,0.008,16.6
Mesa,AZ,USA,33.4152,-111.8315,2024-07-26,106.8,83.8,0.0,9.3
Mesa,AZ,USA,33.4152,-111.8315,2024-07-27,109.0,84.1,0.0,13.1
Mesa,AZ,USA,33.4152,-111.8315,2024-07-28,106.8,85.5,0.0,18.7
Mesa,AZ,USA,33.4152,-111.8315,2024-07-29,107.4,85.1,0.0,11.3
Mesa,AZ,USA,33.4152,-111.8315,2024-07-30,107.6,84.7,0.0,18.2
Mesa,AZ,USA,33.4152,-111.8315,2024-07-31,109.1,84.4,0.004,17.1
Mesa,AZ,USA,33.4152,-111.8315,2024-08-01,105.2,84.7,0.004,8.2
Mesa,AZ,USA,33.4152,-111.8315,2024-08-02,108.1,85.3,0.0,12.4
Mesa,AZ,USA,33.4152,-111.8315,2024-08-03,111.5,88.9,0.0,9.1
Mesa,AZ,USA,33.4152,-111.8315,2024-08-04,113.5,90.1,0.0,16.3
Mesa,AZ,USA,33.4152,-111.8315,2024-08-05,108.1,88.8,0.004,14.0
Mesa,AZ,USA,33.4152,-111.8315,2024-08-06,107.8,88.3,0.0,15.5
Mesa,AZ,USA,33.4152,-111.8315,2024-08-07,100.6,81.4,0.0,7.1
Mesa,AZ,USA,33.4152,-111.8315,2024-08-08,100.9,84.8,0.031,9.7
Mesa,AZ,USA,33.4152,-111.8315,2024-08-09,106.5,81.5,0.0,6.7
Mesa,AZ,USA,33.4152,-111.8315,2024-08-10,109.0,88.3,0.0,14.4
Mesa,AZ,USA,33.4152,-111.8315,2024-08-11,101.2,82.0,0.0,10.5
Mesa,AZ,USA,33.4152,-111.8315,2024-08-12,105.0,84.6,0.0,9.6
Mesa,AZ,USA,33.4152,-111.8315,2024-08-13,103.2,79.4,0.016,15.3
Mesa,AZ,USA,33.4152,-111.8315,2024-08-14,106.8,86.7,0.0,7.1
Mesa,AZ,USA,33.4152,-111.8315,2024-08-15,109.4,86.6,0.0,6.8
Mesa,AZ,USA,33.4152,-111.8315,2024-08-16,109.3,86.8,0.0,11.4
Mesa,AZ,USA,33.4152,-111.8315,2024-08-17,107.3,87.5,0.0,15.6
Mesa,AZ,USA,33.4152,-111.8315,2024-08-18,99.4,75.6,0.102,10.6
Mesa,AZ,USA,33.4152,-111.8315,2024-08-19,109.0,82.6,0.0,7.7
Mesa,AZ,USA,33.4152,-111.8315,2024-08-20,110.3,86.5,0.0,12.5
Mesa,AZ,USA,33.4152,-111.8315,2024-08-21,102.7,87.4,0.012,12.7
Mesa,AZ,USA,33.4152,-111.8315,2024-08-22,102.4,84.3,0.0,18.5
Mesa,AZ,USA,33.4152,-111.8315,2024-08-23,102.5,83.0,0.071,16.9
Mesa,AZ,USA,33.4152,-111.8315,2024-08-24,103.3,80.2,0.0,21.5
Mesa,AZ,USA,33.4152,-111.8315,2024-08-25,104.8,80.8,0.0,6.7
Mesa,AZ,USA,33.4152,-111.8315,2024-08-26,106.4,78.5,0.0,8.0
Mesa,AZ,USA,33.4152,-111.8315,2024-08-27,108.6,80.8,0.0,7.4
Mesa,AZ,USA,33.4152,-111.8315,2024-08-28,101.4,87.8,0.0,10.6
Mesa,AZ,USA,33.4152,-111.8315,2024-08-29,104.2,81.4,0.0,12.3
Mesa,AZ,USA,33.4152,-111.8315,2024-08-30,106.0,81.5,0.0,9.6
Mesa,AZ,USA,33.4152,-111.8315,2024-08-31,104.5,84.4,0.0,17.5
Mesa,AZ,USA,33.4152,-111.8315,2024-09-01,106.5,81.0,0.0,14.2
Mesa,AZ,USA,33.4152,-111.8315,2024-09-02,105.7,84.3,0.0,14.3
Mesa,AZ,USA,33.4152,-111.8315,2024-09-03,105.4,84.6,0.0,13.3
Mesa,AZ,USA,33.4152,-111.8315,2024-09-04,108.5,83.8,0.0,7.8
Mesa,AZ,USA,33.4152,-111.8315,2024-09-05,112.8,85.7,0.0,8.9
Mesa,AZ,USA,33.4152,-111.8315,2024-09-06,108.0,90.3,0.0,12.8
Mesa,AZ,USA,33.4152,-111.8315,2024-09-07,107.2,86.8,0.0,18.7
Mesa,AZ,USA,33.4152,-111.8315,2024-09-08,106.3,84.2,0.0,14.1
Mesa,AZ,USA,33.4152,-111.8315,2024-09-09,107.2,82.1,0.0,10.6
Mesa,AZ,USA,33.4152,-111.8315,2024-09-10,108.1,79.3,0.0,8.3
Mesa,AZ,USA,33.4152,-111.8315,2024-09-11,107.1,77.8,0.0,14.4
Mesa,AZ,USA,33.4152,-111.8315,2024-09-12,106.3,78.3,0.0,16.0
Mesa,AZ,USA,33.4152,-111.8315,2024-09-13,103.6,75.7,0.0,12.3
Mesa,AZ,USA,33.4152,-111.8315,2024-09-14,99.5,81.3,0.0,6.5
Mesa,AZ,USA,33.4152,-111.8315,2024-09-15,100.0,80.5,0.0,12.7
Mesa,AZ,USA,33.4152,-111.8315,2024-09-16,99.1,75.4,0.004,16.0
Mesa,AZ,USA,33.4152,-111.8315,2024-09-17,90.3,73.2,0.0,9.9
Mesa,AZ,USA,33.4152,-111.8315,2024-09-18,93.6,68.9,0.0,9.9
Mesa,AZ,USA,33.4152,-111.8315,2024-09-19,94.6,70.5,0.0,11.2
Mesa,AZ,USA,33.4152,-111.8315,2024-09-20,93.7,73.5,0.004,13.5
Mesa,AZ,USA,33.4152,-111.8315,2024-09-21,88.4,66.2,0.079,13.5
Mesa,AZ,USA,33.4152,-111.8315,2024-09-22,94.6,69.1,0.0,7.1
Mesa,AZ,USA,33.4152,-111.8315,2024-09-23,101.6,74.3,0.0,11.3
Mesa,AZ,USA,33.4152,-111.8315,2024-09-24,104.8,75.7,0.0,11.5
Mesa,AZ,USA,33.4152,-111.8315,2024-09-25,108.1,77.8,0.0,11.2
Mesa,AZ,USA,33.4152,-111.8315,2024-09-26,107.3,80.4,0.0,8.1
Mesa,AZ,USA,33.4152,-111.8315,2024-09-27,110.1,78.9,0.0,7.3
Mesa,AZ,USA,33.4152,-111.8315,2024-09-28,113.3,84.3,0.0,17.1
Mesa,AZ,USA,33.4152,-111.8315,2024-09-29,110.2,84.5,0.0,11.9
Mesa,AZ,USA,33.4152,-111.8315,2024-09-30,105.8,79.7,0.0,8.4
Mesa,AZ,USA,33.4152,-111.8315,2024-10-01,110.2,79.3,0.0,15.4
Mesa,AZ,USA,33.4152,-111.8315,2024-10-02,104.8,84.6,0.0,12.4
Mesa,AZ,USA,33.4152,-111.8315,2024-10-03,105.8,75.9,0.0,7.7
Mesa,AZ,USA,33.4152,-111.8315,2024-10-04,106.6,75.1,0.0,6.6
Mesa,AZ,USA,33.4152,-111.8315,2024-10-05,106.5,78.4,0.0,9.2
Mesa,AZ,USA,33.4152,-111.8315,2024-10-06,107.8,79.2,0.0,9.3
Mesa,AZ,USA,33.4152,-111.8315,2024-10-07,106.7,79.5,0.0,12.4
Mesa,AZ,USA,33.4152,-111.8315,2024-10-08,106.0,76.6,0.0,11.7
Mesa,AZ,USA,33.4152,-111.8315,2024-10-09,102.7,74.8,0.0,6.6
Mesa,AZ,USA,33.4152,-111.8315,2024-10-10,104.5,75.7,0.0,10.2
Mesa,AZ,USA,33.4152,-111.8315,2024-10-11,101.9,74.3,0.0,7.2
Mesa,AZ,USA,33.4152,-111.8315,2024-10-12,102.2,71.4,0.0,7.6
Mesa,AZ,USA,33.4152,-111.8315,2024-10-13,100.9,70.8,0.0,7.6
Mesa,AZ,USA,33.4152,-111.8315,2024-10-14,97.6,71.2,0.0,8.0
Mesa,AZ,USA,33.4152,-111.8315,2024-10-15,95.0,70.0,0.0,7.9
Mesa,AZ,USA,33.4152,-111.8315,2024-10-16,95.2,66.8,0.0,12.9
Mesa,AZ,USA,33.4152,-111.8315,2024-10-17,87.5,68.5,0.0,9.7
Mesa,AZ,USA,33.4152,-111.8315,2024-10-18,74.7,57.2,0.232,22.3
Mesa,AZ,USA,33.4152,-111.8315,2024-10-19,69.2,54.7,0.008,9.4
Mesa,AZ,USA,33.4152,-111.8315,2024-10-20,78.4,53.0,0.0,6.4
Mesa,AZ,USA,33.4152,-111.8315,2024-10-21,85.4,57.3,0.0,9.6
Mesa,AZ,USA,33.4152,-111.8315,2024-10-22,92.9,60.4,0.0,8.6
Mesa,AZ,USA,33.4152,-111.8315,2024-10-23,94.8,62.2,0.0,9.3
Mesa,AZ,USA,33.4152,-111.8315,2024-10-24,93.4,59.8,0.0,7.5
Mesa,AZ,USA,33.4152,-111.8315,2024-10-25,95.1,59.9,0.0,7.8
Mesa,AZ,USA,33.4152,-111.8315,2024-10-26,98.0,63.6,0.0,8.1
Mesa,AZ,USA,33.4152,-111.8315,2024-10-27,94.8,65.2,0.0,6.9
Mesa,AZ,USA,33.4152,-111.8315,2024-10-28,91.0,60.8,0.0,16.1
Mesa,AZ,USA,33.4152,-111.8315,2024-10-29,72.1,58.9,0.197,13.4
Mesa,AZ,USA,33.4152,-111.8315,2024-10-30,72.8,50.5,0.0,7.4
Mesa,AZ,USA,33.4152,-111.8315,2024-10-31,78.7,50.5,0.0,7.8
Mesa,AZ,USA,33.4152,-111.8315,2024-11-01,80.3,51.4,0.0,7.4
Mesa,AZ,USA,33.4152,-111.8315,2024-11-02,76.7,51.1,0.055,13.6
Mesa,AZ,USA,33.4152,-111.8315,2024-11-03,69.7,53.9,0.051,14.1
Mesa,AZ,USA,33.4152,-111.8315,2024-11-04,69.3,48.2,0.0,7.1
Mesa,AZ,USA,33.4152,-111.8315,2024-11-05,71.1,47.1,0.0,7.3
Mesa,AZ,USA,33.4152,-111.8315,2024-11-06,67.3,47.0,0.0,18.0
Mesa,AZ,USA,33.4152,-111.8315,2024-11-07,64.0,45.1,0.0,14.1
Mesa,AZ,USA,33.4152,-111.8315,2024-11-08,66.5,43.4,0.0,6.5
Mesa,AZ,USA,33.4152,-111.8315,2024-11-09,73.2,46.4,0.0,8.5
Mesa,AZ,USA,33.4152,-111.8315,2024-11-10,82.0,50.6,0.0,7.2
Mesa,AZ,USA,33.4152,-111.8315,2024-11-11,81.1,52.0,0.0,6.8
Mesa,AZ,USA,33.4152,-111.8315,2024-11-12,72.7,50.4,0.0,5.6
Mesa,AZ,USA,33.4152,-111.8315,2024-11-13,75.7,51.4,0.0,8.0
Mesa,AZ,USA,33.4152,-111.8315,2024-11-14,80.0,53.5,0.0,6.2
Mesa,AZ,USA,33.4152,-111.8315,2024-11-15,69.0,53.8,0.0,6.1
Mesa,AZ,USA,33.4152,-111.8315,2024-11-16,60.4,51.0,0.0,4.6
Mesa,AZ,USA,33.4152,-111.8315,2024-11-17,66.7,48.2,0.0,8.3
Mesa,AZ,USA,33.4152,-111.8315,2024-11-18,64.9,47.3,0.0,5.8
Mesa,AZ,USA,33.4152,-111.8315,2024-11-19,67.6,45.1,0.0,5.5
Mesa,AZ,USA,33.4152,-111.8315,2024-11-20,75.6,50.4,0.0,8.1
Mesa,AZ,USA,33.4152,-111.8315,2024-11-21,78.9,51.5,0.0,6.8
Mesa,AZ,USA,33.4152,-111.8315,2024-11-22,80.2,52.9,0.0,6.1
Mesa,AZ,USA,33.4152,-111.8315,2024-11-23,76.9,51.1,0.0,5.6
Mesa,AZ,USA,33.4152,-111.8315,2024-11-24,73.2,52.3,0.0,4.7
Mesa,AZ,USA,33.4152,-111.8315,2024-11-25,74.3,54.9,0.0,4.8
Mesa,AZ,USA,33.4152,-111.8315,2024-11-26,77.5,54.3,0.0,5.2
Mesa,AZ,USA,33.4152,-111.8315,2024-11-27,73.0,60.9,0.0,4.0
Mesa,AZ,USA,33.4152,-111.8315,2024-11-28,72.1,53.2,0.0,4.6
Mesa,AZ,USA,33.4152,-111.8315,2024-11-29,73.8,52.7,0.0,8.9
Mesa,AZ,USA,33.4152,-111.8315,2024-11-30,76.8,55.9,0.0,7.4
Mesa,AZ,USA,33.4152,-111.8315,2024-12-01,76.7,54.1,0.0,5.9
Mesa,AZ,USA,33.4152,-111.8315,2024-12-02,80.1,54.9,0.0,7.5
Mesa,AZ,USA,33.4152,-111.8315,2024-12-03,80.4,58.6,0.0,8.4
Mesa,AZ,USA,33.4152,-111.8315,2024-12-04,73.6,53.2,0.0,4.8
Mesa,AZ,USA,33.4152,-111.8315,2024-12-05,76.6,55.4,0.0,7.6
Mesa,AZ,USA,33.4152,-111.8315,2024-12-06,77.1,59.4,0.0,9.1
Mesa,AZ,USA,33.4152,-111.8315,2024-12-07,73.5,55.2,0.0,8.1
Mesa,AZ,USA,33.4152,-111.8315,2024-12-08,70.7,50.2,0.0,5.3
Mesa,AZ,USA,33.4152,-111.8315,2024-12-09,69.3,51.1,0.0,10.5
Mesa,AZ,USA,33.4152,-111.8315,2024-12-10,63.9,48.3,0.0,10.2
Mesa,AZ,USA,33.4152,-111.8315,2024-12-11,69.5,44.8,0.0,8.9
Mesa,AZ,USA,33.4152,-111.8315,2024-12-12,72.7,53.4,0.0,7.4
Mesa,AZ,USA,33.4152,-111.8315,2024-12-13,65.4,49.6,0.0,4.9
Mesa,AZ,USA,33.4152,-111.8315,2024-12-14,69.4,47.1,0.0,6.2
Mesa,AZ,USA,33.4152,-111.8315,2024-12-15,68.7,45.1,0.0,4.2
Mesa,AZ,USA,33.4152,-111.8315,2024-12-16,68.0,45.6,0.0,6.5
Mesa,AZ,USA,33.4152,-111.8315,2024-12-17,69.8,46.8,0.0,5.1
Mesa,AZ,USA,33.4152,-111.8315,2024-12-18,80.3,54.0,0.0,9.0
Mesa,AZ,USA,33.4152,-111.8315,2024-12-19,80.2,55.7,0.0,8.8
Mesa,AZ,USA,33.4152,-111.8315,2024-12-20,80.5,55.0,0.0,7.5
Mesa,AZ,USA,33.4152,-111.8315,2024-12-21,75.0,52.5,0.0,5.8
Mesa,AZ,USA,33.4152,-111.8315,2024-12-22,72.7,48.5,0.0,4.8
Mesa,AZ,USA,33.4152,-111.8315,2024-12-23,73.0,52.7,0.0,4.7
Mesa,AZ,USA,33.4152,-111.8315,2024-12-24,73.7,51.4,0.0,5.8
Mesa,AZ,USA,33.4152,-111.8315,2024-12-25,65.0,52.4,0.0,5.5
Mesa,AZ,USA,33.4152,-111.8315,2024-12-26,63.6,47.3,0.0,5.0
Mesa,AZ,USA,33.4152,-111.8315,2024-12-27,65.2,44.7,0.0,4.8
Mesa,AZ,USA,33.4152,-111.8315,2024-12-28,65.5,44.5,0.0,5.3
Mesa,AZ,USA,33.4152,-111.8315,2024-12-29,72.2,47.1,0.0,4.6
Mesa,AZ,USA,33.4152,-111.8315,2024-12-30,70.3,45.6,0.0,4.3
Mesa,AZ,USA,33.4152,-111.8315,2024-12-31,69.2,47.2,0.0,4.7
Phoenix,AZ,USA,33.4484,-112.074,2024-01-01,64.4,42.3,0.0,7.8
Phoenix,AZ,USA,33.4484,-112.074,2024-01-02,61.7,39.4,0.0,6.5
Phoenix,AZ,USA,33.4484,-112.074,2024-01-03,61.4,39.0,0.031,19.0
Phoenix,AZ,USA,33.4484,-112.074,2024-01-04,58.1,41.4,0.024,8.5
Phoenix,AZ,USA,33.4484,-112.074,2024-01-05,56.5,36.4,0.0,6.3
Phoenix,AZ,USA,33.4484,-112.074,2024-01-06,58.5,34.9,0.0,6.0
Phoenix,AZ,USA,33.4484,-112.074,2024-01-07,52.5,40.2,0.075,18.3
Phoenix,AZ,USA,33.4484,-112.074,2024-01-08,50.2,32.3,0.0,9.4
Phoenix,AZ,USA,33.4484,-112.074,2024-01-09,51.7,30.8,0.0,6.3
Phoenix,AZ,USA,33.4484,-112.074,2024-01-10,55.8,30.7,0.0,5.5
Phoenix,AZ,USA,33.4484,-112.074,2024-01-11,57.1,33.6,0.051,24.4
Phoenix,AZ,USA,33.4484,-112.074,2024-01-12,54.1,30.1,0.0,7.6
Phoenix,AZ,USA,33.4484,-112.074,2024-01-13,59.4,31.2,0.0,5.2
Phoenix,AZ,USA,33.4484,-112.074,2024-01-14,63.1,36.3,0.0,6.1
Phoenix,AZ,USA,33.4484,-112.074,2024-01-15,64.2,34.9,0.0,6.5
Phoenix,AZ,USA,33.4484,-112.074,2024-01-16,66.3,36.5,0.0,6.3
Phoenix,AZ,USA,33.4484,-112.074,2024-01-17,68.0,38.7,0.0,6.4
Phoenix,AZ,USA,33.4484,-112.074,2024-01-18,72.2,41.6,0.0,5.6
Phoenix,AZ,USA,33.4484,-112.074,2024-01-19,75.5,45.2,0.0,7.4
Phoenix,AZ,USA,33.4484,-112.074,2024-01-20,72.2,47.4,0.0,7.0
Phoenix,AZ,USA,33.4484,-112.074,2024-01-21,56.4,50.0,0.181,7.7
Phoenix,AZ,USA,33.4484,-112.074,2024-01-22,62.4,45.2,0.445,10.5
Phoenix,AZ,USA,33.4484,-112.074,2024-01-23,57.9,48.9,0.984,17.6
Phoenix,AZ,USA,33.4484,-112.074,2024-01-24,61.5,47.8,0.004,5.5
Phoenix,AZ,USA,33.4484,-112.074,2024-01-25,62.9,44.7,0.004,8.7
Phoenix,AZ,USA,33.4484,-112.074,2024-01-26,64.6,42.6,0.0,8.5
Phoenix,AZ,USA,33.4484,-112.074,2024-01-27,69.1,42.5,0.0,10.3
Phoenix,AZ,USA,33.4484,-112.074,2024-01-28,73.0,46.8,0.0,15.9
Phoenix,AZ,USA,33.4484,-112.074,2024-01-29,75.0,47.2,0.0,7.9
Phoenix,AZ,USA,33.4484,-112.074,2024-01-30,75.1,46.1,0.0,6.9
Phoenix,AZ,USA,33.4484,-112.074,2024-01-31,76.0,48.0,0.0,8.2
Phoenix,AZ,USA,33.4484,-112.074,2024-02-01,76.3,52.3,0.346,18.7
Phoenix,AZ,USA,33.4484,-112.074,2024-02-02,60.6,45.1,0.551,16.0
Phoenix,AZ,USA,33.4484,-112.074,2024-02-03,60.8,40.6,0.0,9.4
Phoenix,AZ,USA,33.4484,-112.074,2024-02-04,65.1,40.6,0.0,8.0
Phoenix,AZ,USA,33.4484,-112.074,2024-02-05,73.6,43.8,0.0,10.0
Phoenix,AZ,USA,33.4484,-112.074,2024-02-06,61.2,51.6,0.406,17.7
Phoenix,AZ,USA,33.4484,-112.074,2024-02-07,56.3,44.7,0.551,11.4
Phoenix,AZ,USA,33.4484,-112.074,2024-02-08,56.0,39.5,0.118,22.1
Phoenix,AZ,USA,33.4484,-112.074,2024-02-09,55.6,35.6,0.0,7.2
Phoenix,AZ,USA,33.4484,-112.074,2024-02-10,54.8,40.7,0.256,10.9
Phoenix,AZ,USA,33.4484,-112.074,2024-02-11,56.6,37.8,0.0,6.1
Phoenix,AZ,USA,33.4484,-112.074,2024-02-12,61.3,36.6,0.0,6.3
Phoenix,AZ,USA,33.4484,-112.074,2024-02-13,65.3,39.1,0.0,8.2
Phoenix,AZ,USA,33.4484,-112.074,2024-02-14,65.0,39.5,0.0,5.3
Phoenix,AZ,USA,33.4484,-112.074,2024-02-15,68.0,40.8,0.0,5.7
Phoenix,AZ,USA,33.4484,-112.074,2024-02-16,68.3,41.9,0.0,5.7
Phoenix,AZ,USA,33.4484,-112.074,2024-02-17,70.5,44.0,0.0,6.1
Phoenix,AZ,USA,33.4484,-112.074,2024-02-18,72.1,45.1,0.016,6.4
Phoenix,AZ,USA,33.4484,-112.074,2024-02-19,75.1,46.9,0.0,7.6
Phoenix,AZ,USA,33.4484,-112.074,2024-02-20,75.6,46.9,0.0,6.2
Phoenix,AZ,USA,33.4484,-112.074,2024-02-21,70.0,47.5,0.0,12.4
Phoenix,AZ,USA,33.4484,-112.074,2024-02-22,71.5,47.4,0.0,6.7
Phoenix,AZ,USA,33.4484,-112.074,2024-02-23,77.0,47.9,0.0,6.8
Phoenix,AZ,USA,33.4484,-112.074,2024-02-24,76.6,49.8,0.0,7.1
Phoenix,AZ,USA,33.4484,-112.074,2024-02-25,80.4,50.3,0.0,6.4
Phoenix,AZ,USA,33.4484,-112.074,2024-02-26,73.3,57.0,0.0,15.2
Phoenix,AZ,USA,33.4484,-112.074,2024-02-27,74.4,54.1,0.0,9.0
Phoenix,AZ,USA,33.4484,-112.074,2024-02-28,74.9,49.9,0.004,20.7
Phoenix,AZ,USA,33.4484,-112.074,2024-02-29,73.6,48.4,0.0,7.1
Phoenix,AZ,USA,33.4484,-112.074,2024-03-01,76.6,48.3,0.0,8.5
Phoenix,AZ,USA,33.4484,-112.074,2024-03-02,74.9,46.8,0.0,12.7
Phoenix,AZ,USA,33.4484,-112.074,2024-03-03,70.6,50.7,0.0,14.3
Phoenix,AZ,USA,33.4484,-112.074,2024-03-04,71.2,47.8,0.0,10.7
Phoenix,AZ,USA,33.4484,-112.074,2024-03-05,73.8,45.9,0.0,6.1
Phoenix,AZ,USA,33.4484,-112.074,2024-03-06,73.6,49.6,0.0,10.5
Phoenix,AZ,USA,33.4484,-112.074,2024-03-07,63.4,49.4,0.224,11.5
Phoenix,AZ,USA,33.4484,-112.074,2024-03-08,66.9,47.4,0.039,11.9
Phoenix,AZ,USA,33.4484,-112.074,2024-03-09,71.3,46.9,0.0,8.5
Phoenix,AZ,USA,33.4484,-112.074,2024-03-10,77.1,47.9,0.0,12.8
Phoenix,AZ,USA,33.4484,-112.074,2024-03-11,79.0,50.6,0.0,8.8
Phoenix,AZ,USA,33.4484,-112.074,2024-03-12,76.4,47.4,0.0,8.6
Phoenix,AZ,USA,33.4484,-112.074,2024-03-13,75.9,48.6,0.0,16.5
Phoenix,AZ,USA,33.4484,-112.074,2024-03-14,70.5,47.5,0.031,13.8
Phoenix,AZ,USA,33.4484,-112.074,2024-03-15,62.0,48.3,0.398,17.3
Phoenix,AZ,USA,33.4484,-112.074,2024-03-16,63.1,43.7,0.0,7.8
Phoenix,AZ,USA,33.4484,-112.074,2024-03-17,65.1,46.7,0.02,7.4
Phoenix,AZ,USA,33.4484,-112.074,2024-03-18,68.5,46.1,0.0,19.8
Phoenix,AZ,USA,33.4484,-112.074,2024-03-19,72.2,47.2,0.0,9.0
Phoenix,AZ,USA,33.4484,-112.074,2024-03-20,74.6,47.9,0.008,6.7
Phoenix,AZ,USA,33.4484,-112.074,2024-03-21,79.9,49.9,0.0,10.7
Phoenix,AZ,USA,33.4484,-112.074,2024-03-22,82.4,52.3,0.0,6.6
Phoenix,AZ,USA,33.4484,-112.074,2024-03-23,80.9,55.1,0.0,16.4
Phoenix,AZ,USA,33.4484,-112.074,2024-03-24,65.3,50.9,0.276,20.8
Phoenix,AZ,USA,33.4484,-112.074,2024-03-25,69.5,44.2,0.02,15.0
Phoenix,AZ,USA,33.4484,-112.074,2024-03-26,69.0,48.2,0.008,14.5
Phoenix,AZ,USA,33.4484,-112.074,2024-03-27,74.4,45.7,0.0,8.3
Phoenix,AZ,USA,33.4484,-112.074,2024-03-28,80.9,49.0,0.0,7.4
Phoenix,AZ,USA,33.4484,-112.074,2024-03-29,83.3,52.2,0.0,13.9
Phoenix,AZ,USA,33.4484,-112.074,2024-03-30,82.7,55.9,0.0,22.4
Phoenix,AZ,USA,33.4484,-112.074,2024-03-31,60.4,50.2,0.594,12.8
Phoenix,AZ,USA,33.4484,-112.074,2024-04-01,60.5,48.7,0.201,7.2
Phoenix,AZ,USA,33.4484,-112.074,2024-04-02,72.1,45.6,0.0,9.2
Phoenix,AZ,USA,33.4484,-112.074,2024-04-03,76.9,47.9,0.0,5.9
Phoenix,AZ,USA,33.4484,-112.074,2024-04-04,84.4,49.7,0.0,11.4
Phoenix,AZ,USA,33.4484,-112.074,2024-04-05,65.3,52.4,0.0,19.6
Phoenix,AZ,USA,33.4484,-112.074,2024-04-06,64.4,45.3,0.0,15.0
Phoenix,AZ,USA,33.4484,-112.074,2024-04-07,72.5,42.1,0.0,6.7
Phoenix,AZ,USA,33.4484,-112.074,2024-04-08,75.1,46.9,0.0,10.3
Phoenix,AZ,USA,33.4484,-112.074,2024-04-09,83.7,48.8,0.0,13.8
Phoenix,AZ,USA,33.4484,-112.074,2024-04-10,84.5,49.7,0.0,8.1
Phoenix,AZ,USA,33.4484,-112.074,2024-04-11,90.7,52.7,0.0,8.4
Phoenix,AZ,USA,33.4484,-112.074,2024-04-12,91.9,58.0,0.0,16.4
Phoenix,AZ,USA,33.4484,-112.074,2024-04-13,87.9,57.6,0.0,13.5
Phoenix,AZ,USA,33.4484,-112.074,2024-04-14,81.1,56.8,0.0,16.3
Phoenix,AZ,USA,33.4484,-112.074,2024-04-15,76.6,52.9,0.0,10.9
Phoenix,AZ,USA,33.4484,-112.074,2024-04-16,85.9,53.1,0.0,9.0
Phoenix,AZ,USA,33.4484,-112.074,2024-04-17,90.9,55.7,0.0,9.4
Phoenix,AZ,USA,33.4484,-112.074,2024-04-18,91.3,57.2,0.0,8.8
Phoenix,AZ,USA,33.4484,-112.074,2024-04-19,92.8,58.8,0.0,8.9
Phoenix,AZ,USA,33.4484,-112.074,2024-04-20,93.3,63.5,0.0,9.7
Phoenix,AZ,USA,33.4484,-112.074,2024-04-21,96.2,63.2,0.0,8.4
Phoenix,AZ,USA,33.4484,-112.074,2024-04-22,97.2,63.9,0.0,15.3
Phoenix,AZ,USA,33.4484,-112.074,2024-04-23,94.9,64.5,0.0,13.0
Phoenix,AZ,USA,33.4484,-112.074,2024-04-24,92.1,62.8,0.0,13.4
Phoenix,AZ,USA,33.4484,-112.074,2024-04-25,81.9,62.0,0.0,15.9
Phoenix,AZ,USA,33.4484,-112.074,2024-04-26,79.3,61.3,0.004,20.9
Phoenix,AZ,USA,33.4484,-112.074,2024-04-27,80.7,58.1,0.0,12.8
Phoenix,AZ,USA,33.4484,-112.074,2024-04-28,85.5,57.3,0.0,7.4
Phoenix,AZ,USA,33.4484,-112.074,2024-04-29,90.1,59.2,0.0,7.9
Phoenix,AZ,USA,33.4484,-112.074,2024-04-30,93.5,64.3,0.0,16.1
Phoenix,AZ,USA,33.4484,-112.074,2024-05-01,91.3,63.1,0.0,12.9
Phoenix,AZ,USA,33.4484,-112.074,2024-05-02,91.0,63.4,0.0,10.6
Phoenix,AZ,USA,33.4484,-112.074,2024-05-03,91.6,66.6,0.0,11.6
Phoenix,AZ,USA,33.4484,-112.074,2024-05-04,93.5,66.1,0.0,13.0
Phoenix,AZ,USA,33.4484,-112.074,2024-05-05,83.8,66.8,0.0,19.8
Phoenix,AZ,USA,33.4484,-112.074,2024-05-06,85.2,58.6,0.0,12.0
Phoenix,AZ,USA,33.4484,-112.074,2024-05-07,89.6,58.1,0.0,13.2
Phoenix,AZ,USA,33.4484,-112.074,2024-05-08,89.9,61.3,0.0,16.9
Phoenix,AZ,USA,33.4484,-112.074,2024-05-09,86.5,59.0,0.0,13.2
Phoenix,AZ,USA,33.4484,-112.074,2024-05-10,90.1,60.2,0.0,12.8
Phoenix,AZ,USA,33.4484,-112.074,2024-05-11,92.8,62.0,0.0,19.7
Phoenix,AZ,USA,33.4484,-112.074,2024-05-12,92.7,64.9,0.0,9.2
Phoenix,AZ,USA,33.4484,-112.074,2024-05-13,98.1,66.9,0.0,14.1
Phoenix,AZ,USA,33.4484,-112.074,2024-05-14,97.5,70.3,0.0,14.4
Phoenix,AZ,USA,33.4484,-112.074,2024-05-15,95.7,70.3,0.0,12.8
Phoenix,AZ,USA,33.4484,-112.074,2024-05-16,94.8,72.1,0.0,14.4
Phoenix,AZ,USA,33.4484,-112.074,2024-05-17,100.3,71.2,0.0,15.3
Phoenix,AZ,USA,33.4484,-112.074,2024-05-18,100.7,74.0,0.0,16.6
Phoenix,AZ,USA,33.4484,-112.074,2024-05-19,97.4,72.5,0.0,15.2
Phoenix,AZ,USA,33.4484,-112.074,2024-05-20,88.9,69.2,0.0,18.1
Phoenix,AZ,USA,33.4484,-112.074,2024-05-21,94.2,62.7,0.0,12.2
Phoenix,AZ,USA,33.4484,-112.074,2024-05-22,94.6,62.9,0.0,11.8
Phoenix,AZ,USA,33.4484,-112.074,2024-05-23,94.6,64.6,0.0,10.7
Phoenix,AZ,USA,33.4484,-112.074,2024-05-24,97.3,67.7,0.0,14.5
Phoenix,AZ,USA,33.4484,-112.074,2024-05-25,88.7,68.5,0.0,15.4
Phoenix,AZ,USA,33.4484,-112.074,2024-05-26,95.6,66.7,0.0,8.8
Phoenix,AZ,USA,33.4484,-112.074,2024-05-27,100.4,71.4,0.0,11.0
Phoenix,AZ,USA,33.4484,-112.074,2024-05-28,103.7,72.4,0.0,12.2
Phoenix,AZ,USA,33.4484,-112.074,2024-05-29,101.1,72.1,0.0,11.8
Phoenix,AZ,USA,33.4484,-112.074,2024-05-30,101.8,71.1,0.0,12.2
Phoenix,AZ,USA,33.4484,-112.074,2024-05-31,103.1,72.0,0.0,12.0
Phoenix,AZ,USA,33.4484,-112.074,2024-06-01,103.9,72.1,0.0,13.0
Phoenix,AZ,USA,33.4484,-112.074,2024-06-02,101.2,72.5,0.0,12.9
Phoenix,AZ,USA,33.4484,-112.074,2024-06-03,100.9,72.0,0.0,11.4
Phoenix,AZ,USA,33.4484,-112.074,2024-06-04,103.0,75.1,0.0,10.7
Phoenix,AZ,USA,33.4484,-112.074,2024-06-05,106.3,77.0,0.0,14.3
Phoenix,AZ,USA,33.4484,-112.074,2024-06-06,109.5,79.6,0.0,14.0
Phoenix,AZ,USA,33.4484,-112.074,2024-06-07,109.7,82.0,0.0,12.4
Phoenix,AZ,USA,33.4484,-112.074,2024-06-08,106.5,79.1,0.0,12.3
Phoenix,AZ,USA,33.4484,-112.074,2024-06-09,104.5,78.5,0.0,16.0
Phoenix,AZ,USA,33.4484,-112.074,2024-06-10,104.7,75.6,0.0,10.0
Phoenix,AZ,USA,33.4484,-112.074,2024-06-11,109.4,77.5,0.0,14.0
Phoenix,AZ,USA,33.4484,-112.074,2024-06-12,109.9,78.0,0.0,10.3
Phoenix,AZ,USA,33.4484,-112.074,2024-06-13,109.8,82.8,0.0,7.6
Phoenix,AZ,USA,33.4484,-112.074,2024-06-14,105.3,79.3,0.0,12.2
Phoenix,AZ,USA,33.4484,-112.074,2024-06-15,110.6,77.1,0.0,14.6
Phoenix,AZ,USA,33.4484,-112.074,2024-06-16,109.9,80.2,0.0,18.9
Phoenix,AZ,USA,33.4484,-112.074,2024-06-17,103.6,77.8,0.0,14.8
Phoenix,AZ,USA,33.4484,-112.074,2024-06-18,103.0,74.8,0.0,12.3
Phoenix,AZ,USA,33.4484,-112.074,2024-06-19,102.2,77.8,0.0,9.8
Phoenix,AZ,USA,33.4484,-112.074,2024-06-20,110.8,79.4,0.0,11.1
Phoenix,AZ,USA,33.4484,-112.074,2024-06-21,114.3,89.2,0.0,17.2
Phoenix,AZ,USA,33.4484,-112.074,2024-06-22,103.1,88.3,0.0,13.8
Phoenix,AZ,USA,33.4484,-112.074,2024-06-23,104.5,85.6,0.0,10.1
Phoenix,AZ,USA,33.4484,-112.074,2024-06-24,107.6,85.6,0.0,14.3
Phoenix,AZ,USA,33.4484,-112.074,2024-06-25,103.8,84.8,0.008,11.2
Phoenix,AZ,USA,33.4484,-112.074,2024-06-26,107.8,84.7,0.0,13.7
Phoenix,AZ,USA,33.4484,-112.074,2024-06-27,109.9,88.7,0.0,14.8
Phoenix,AZ,USA,33.4484,-112.074,2024-06-28,109.8,88.1,0.0,15.1
Phoenix,AZ,USA,33.4484,-112.074,2024-06-29,109.2,87.8,0.0,10.3
Phoenix,AZ,USA,33.4484,-112.074,2024-06-30,109.4,87.3,0.0,11.6
Phoenix,AZ,USA,33.4484,-112.074,2024-07-01,105.2,83.7,0.008,14.2
Phoenix,AZ,USA,33.4484,-112.074,2024-07-02,112.1,85.2,0.0,13.2
Phoenix,AZ,USA,33.4484,-112.074,2024-07-03,111.0,84.4,0.0,18.7
Phoenix,AZ,USA,33.4484,-112.074,2024-07-04,111.7,87.1,0.0,17.6
Phoenix,AZ,USA,33.4484,-112.074,2024-07-05,116.2,85.5,0.0,14.8
Phoenix,AZ,USA,33.4484,-112.074,2024-07-06,111.7,84.8,0.0,14.4
Phoenix,AZ,USA,33.4484,-112.074,2024-07-07,111.7,86.1,0.0,13.7
Phoenix,AZ,USA,33.4484,-112.074,2024-07-08,115.3,85.8,0.0,13.7
Phoenix,AZ,USA,33.4484,-112.074,2024-07-09,112.6,85.6,0.0,11.4
Phoenix,AZ,USA,33.4484,-112.074,2024-07-10,113.8,87.6,0.0,15.2
Phoenix,AZ,USA,33.4484,-112.074,2024-07-11,111.4,85.8,0.0,18.1
Phoenix,AZ,USA,33.4484,-112.074,2024-07-12,112.6,86.8,0.0,8.4
Phoenix,AZ,USA,33.4484,-112.074,2024-07-13,109.1,88.5,0.0,17.4
Phoenix,AZ,USA,33.4484,-112.074,2024-07-14,104.5,86.4,0.004,16.9
Phoenix,AZ,USA,33.4484,-112.074,2024-07-15,105.7,84.5,0.0,16.1
Phoenix,AZ,USA,33.4484,-112.074,2024-07-16,106.3,87.2,0.0,15.5
Phoenix,AZ,USA,33.4484,-112.074,2024-07-17,108.9,87.1,0.0,13.5
Phoenix,AZ,USA,33.4484,-112.074,2024-07-18,108.4,89.3,0.0,13.3
Phoenix,AZ,USA,33.4484,-112.074,2024-07-19,110.6,89.0,0.0,12.4
Phoenix,AZ,USA,33.4484,-112.074,2024-07-20,110.3,91.0,0.016,9.9
Phoenix,AZ,USA,33.4484,-112.074,2024-07-21,101.6,88.2,0.051,21.8
Phoenix,AZ,USA,33.4484,-112.074,2024-07-22,109.0,83.0,0.0,7.6
Phoenix,AZ,USA,33.4484,-112.074,2024-07-23,110.2,89.6,0.0,13.1
Phoenix,AZ,USA,33.4484,-112.074,2024-07-24,110.1,90.5,0.024,14.6
Phoenix,AZ,USA,33.4484,-112.074,2024-07-25,109.9,90.6,0.102,14.9
Phoenix,AZ,USA,33.4484,-112.074,2024-07-26,107.3,83.3,0.0,6.4
Phoenix,AZ,USA,33.4484,-112.074,2024-07-27,108.9,85.7,0.0,14.3
Phoenix,AZ,USA,33.4484,-112.074,2024-07-28,107.8,86.2,0.008,14.4
Phoenix,AZ,USA,33.4484,-112.074,2024-07-29,107.8,85.1,0.0,12.0
Phoenix,AZ,USA,33.4484,-112.074,2024-07-30,107.1,85.8,0.0,17.1
Phoenix,AZ,USA,33.4484,-112.074,2024-07-31,109.5,83.7,0.0,18.9
Phoenix,AZ,USA,33.4484,-112.074,2024-08-01,105.1,85.3,0.0,11.9
Phoenix,AZ,USA,33.4484,-112.074,2024-08-02,107.2,83.2,0.079,11.5
Phoenix,AZ,USA,33.4484,-112.074,2024-08-03,111.7,88.9,0.0,7.4
Phoenix,AZ,USA,33.4484,-112.074,2024-08-04,114.0,89.6,0.0,11.2
Phoenix,AZ,USA,33.4484,-112.074,2024-08-05,108.1,90.3,0.0,11.8
Phoenix,AZ,USA,33.4484,-112.074,2024-08-06,107.9,89.9,0.0,17.8
Phoenix,AZ,USA,33.4484,-112.074,2024-08-07,100.9,81.7,0.0,9.3
Phoenix,AZ,USA,33.4484,-112.074,2024-08-08,102.2,86.0,0.004,11.2
Phoenix,AZ,USA,33.4484,-112.074,2024-08-09,105.3,81.1,0.0,9.6
Phoenix,AZ,USA,33.4484,-112.074,2024-08-10,108.7,87.7,0.0,19.3
Phoenix,AZ,USA,33.4484,-112.074,2024-08-11,100.6,79.1,0.035,10.5
Phoenix,AZ,USA,33.4484,-112.074,2024-08-12,105.7,85.4,0.0,11.7
Phoenix,AZ,USA,33.4484,-112.074,2024-08-13,104.1,77.8,0.0,18.8
Phoenix,AZ,USA,33.4484,-112.074,2024-08-14,107.7,88.2,0.0,12.3
Phoenix,AZ,USA,33.4484,-112.074,2024-08-15,110.0,85.9,0.0,13.0
Phoenix,AZ,USA,33.4484,-112.074,2024-08-16,109.9,89.3,0.0,14.4
Phoenix,AZ,USA,33.4484,-112.074,2024-08-17,108.3,89.4,0.0,15.5
Phoenix,AZ,USA,33.4484,-112.074,2024-08-18,99.2,77.1,0.126,11.6
Phoenix,AZ,USA,33.4484,-112.074,2024-08-19,109.0,83.3,0.0,9.2
Phoenix,AZ,USA,33.4484,-112.074,2024-08-20,110.0,87.4,0.0,16.3
Phoenix,AZ,USA,33.4484,-112.074,2024-08-21,101.1,87.1,0.0,14.1
Phoenix,AZ,USA,33.4484,-112.074,2024-08-22,104.1,84.7,0.224,14.7
Phoenix,AZ,USA,33.4484,-112.074,2024-08-23,102.8,82.5,0.0,16.2
Phoenix,AZ,USA,33.4484,-112.074,2024-08-24,104.0,79.7,0.0,17.3
Phoenix,AZ,USA,33.4484,-112.074,2024-08-25,105.4,81.4,0.0,10.7
Phoenix,AZ,USA,33.4484,-112.074,2024-08-26,106.3,79.1,0.0,8.3
Phoenix,AZ,USA,33.4484,-112.074,2024-08-27,106.3,80.6,0.0,10.2
Phoenix,AZ,USA,33.4484,-112.074,2024-08-28,102.7,86.6,0.0,12.9
Phoenix,AZ,USA,33.4484,-112.074,2024-08-29,104.9,79.9,0.0,9.6
Phoenix,AZ,USA,33.4484,-112.074,2024-08-30,107.2,81.9,0.0,24.1
Phoenix,AZ,USA,33.4484,-112.074,2024-08-31,105.5,83.1,0.0,18.2
Phoenix,AZ,USA,33.4484,-112.074,2024-09-01,107.1,80.9,0.0,13.1
Phoenix,AZ,USA,33.4484,-112.074,2024-09-02,105.4,83.9,0.0,14.8
Phoenix,AZ,USA,33.4484,-112.074,2024-09-03,105.2,84.7,0.0,13.6
Phoenix,AZ,USA,33.4484,-112.074,2024-09-04,108.4,83.3,0.0,10.2
Phoenix,AZ,USA,33.4484,-112.074,2024-09-05,112.2,83.8,0.0,10.1
Phoenix,AZ,USA,33.4484,-112.074,2024-09-06,108.5,89.2,0.0,16.5
Phoenix,AZ,USA,33.4484,-112.074,2024-09-07,105.6,87.5,0.0,21.2
Phoenix,AZ,USA,33.4484,-112.074,2024-09-08,106.3,84.7,0.0,17.2
Phoenix,AZ,USA,33.4484,-112.074,2024-09-09,106.5,81.1,0.0,12.4
Phoenix,AZ,USA,33.4484,-112.074,2024-09-10,108.3,77.3,0.0,7.8
Phoenix,AZ,USA,33.4484,-112.074,2024-09-11,107.2,75.0,0.0,16.6
Phoenix,AZ,USA,33.4484,-112.074,2024-09-12,106.3,78.4,0.0,16.1
Phoenix,AZ,USA,33.4484,-112.074,2024-09-13,103.4,73.9,0.0,13.2
Phoenix,AZ,USA,33.4484,-112.074,2024-09-14,98.9,82.0,0.0,11.8
Phoenix,AZ,USA,33.4484,-112.074,2024-09-15,102.7,80.5,0.0,14.4
Phoenix,AZ,USA,33.4484,-112.074,2024-09-16,100.0,75.7,0.0,18.0
Phoenix,AZ,USA,33.4484,-112.074,2024-09-17,90.6,73.2,0.0,9.3
Phoenix,AZ,USA,33.4484,-112.074,2024-09-18,93.4,67.1,0.0,10.7
Phoenix,AZ,USA,33.4484,-112.074,2024-09-19,94.6,71.2,0.0,12.9
Phoenix,AZ,USA,33.4484,-112.074,2024-09-20,93.5,73.9,0.0,15.4
Phoenix,AZ,USA,33.4484,-112.074,2024-09-21,89.0,67.4,0.0,11.0
Phoenix,AZ,USA,33.4484,-112.074,2024-09-22,95.9,67.6,0.0,8.5
Phoenix,AZ,USA,33.4484,-112.074,2024-09-23,100.9,72.7,0.0,8.5
Phoenix,AZ,USA,33.4484,-112.074,2024-09-24,104.0,74.5,0.0,8.1
Phoenix,AZ,USA,33.4484,-112.074,2024-09-25,108.6,77.0,0.0,10.8
Phoenix,AZ,USA,33.4484,-112.074,2024-09-26,106.2,78.3,0.0,8.8
Phoenix,AZ,USA,33.4484,-112.074,2024-09-27,109.8,77.5,0.0,7.0
Phoenix,AZ,USA,33.4484,-112.074,2024-09-28,113.7,82.9,0.0,16.4
Phoenix,AZ,USA,33.4484,-112.074,2024-09-29,109.6,84.0,0.0,13.2
Phoenix,AZ,USA,33.4484,-112.074,2024-09-30,105.6,78.2,0.0,12.3
Phoenix,AZ,USA,33.4484,-112.074,2024-10-01,110.0,78.4,0.0,17.8
Phoenix,AZ,USA,33.4484,-112.074,2024-10-02,104.8,82.9,0.0,13.9
Phoenix,AZ,USA,33.4484,-112.074,2024-10-03,106.5,74.2,0.0,10.1
Phoenix,AZ,USA,33.4484,-112.074,2024-10-04,107.1,75.1,0.0,6.6
Phoenix,AZ,USA,33.4484,-112.074,2024-10-05,105.6,76.2,0.0,9.6
Phoenix,AZ,USA,33.4484,-112.074,2024-10-06,106.8,76.1,0.0,8.4
Phoenix,AZ,USA,33.4484,-112.074,2024-10-07,106.8,76.6,0.0,13.1
Phoenix,AZ,USA,33.4484,-112.074,2024-10-08,105.0,73.8,0.0,10.8
Phoenix,AZ,USA,33.4484,-112.074,2024-10-09,102.7,73.6,0.0,7.9
Phoenix,AZ,USA,33.4484,-112.074,2024-10-10,103.0,73.9,0.0,6.6
Phoenix,AZ,USA,33.4484,-112.074,2024-10-11,101.8,71.3,0.0,10.0
Phoenix,AZ,USA,33.4484,-112.074,2024-10-12,101.9,69.7,0.0,10.4
Phoenix,AZ,USA,33.4484,-112.074,2024-10-13,100.9,70.1,0.0,9.3
Phoenix,AZ,USA,33.4484,-112.074,2024-10-14,99.2,69.6,0.0,14.6
Phoenix,AZ,USA,33.4484,-112.074,2024-10-15,94.5,68.6,0.0,7.7
Phoenix,AZ,USA,33.4484,-112.074,2024-10-16,95.3,65.6,0.0,13.7
Phoenix,AZ,USA,33.4484,-112.074,2024-10-17,87.9,67.7,0.0,7.1
Phoenix,AZ,USA,33.4484,-112.074,2024-10-18,75.9,60.4,0.035,23.5
Phoenix,AZ,USA,33.4484,-112.074,2024-10-19,70.4,54.4,0.024,8.7
Phoenix,AZ,USA,33.4484,-112.074,2024-10-20,79.0,52.5,0.0,6.7
Phoenix,AZ,USA,33.4484,-112.074,2024-10-21,85.9,55.0,0.0,5.6
Phoenix,AZ,USA,33.4484,-112.074,2024-10-22,92.1,56.5,0.0,7.3
Phoenix,AZ,USA,33.4484,-112.074,2024-10-23,95.0,59.8,0.0,8.6
Phoenix,AZ,USA,33.4484,-112.074,2024-10-24,93.2,59.5,0.0,5.6
Phoenix,AZ,USA,33.4484,-112.074,2024-10-25,94.6,57.9,0.0,6.5
Phoenix,AZ,USA,33.4484,-112.074,2024-10-26,97.2,59.6,0.0,6.4
Phoenix,AZ,USA,33.4484,-112.074,2024-10-27,93.8,62.8,0.0,7.3
Phoenix,AZ,USA,33.4484,-112.074,2024-10-28,91.1,57.4,0.083,18.7
Phoenix,AZ,USA,33.4484,-112.074,2024-10-29,72.1,59.0,0.146,14.2
Phoenix,AZ,USA,33.4484,-112.074,2024-10-30,72.9,51.0,0.0,7.6
Phoenix,AZ,USA,33.4484,-112.074,2024-10-31,77.5,48.0,0.0,6.8
Phoenix,AZ,USA,33.4484,-112.074,2024-11-01,80.0,48.3,0.0,7.3
Phoenix,AZ,USA,33.4484,-112.074,2024-11-02,76.3,48.5,0.071,12.2
Phoenix,AZ,USA,33.4484,-112.074,2024-11-03,68.8,53.5,0.012,13.4
Phoenix,AZ,USA,33.4484,-112.074,2024-11-04,69.5,48.5,0.0,9.2
Phoenix,AZ,USA,33.4484,-112.074,2024-11-05,71.1,45.3,0.0,6.6
Phoenix,AZ,USA,33.4484,-112.074,2024-11-06,68.1,47.5,0.0,18.2
Phoenix,AZ,USA,33.4484,-112.074,2024-11-07,67.9,45.6,0.0,12.8
Phoenix,AZ,USA,33.4484,-112.074,2024-11-08,67.1,41.6,0.0,6.2
Phoenix,AZ,USA,33.4484,-112.074,2024-11-09,72.8,42.7,0.0,5.0
Phoenix,AZ,USA,33.4484,-112.074,2024-11-10,80.4,45.9,0.0,6.3
Phoenix,AZ,USA,33.4484,-112.074,2024-11-11,80.2,48.3,0.0,6.1
Phoenix,AZ,USA,33.4484,-112.074,2024-11-12,73.9,48.7,0.0,5.5
Phoenix,AZ,USA,33.4484,-112.074,2024-11-13,75.7,46.8,0.0,4.1
Phoenix,AZ,USA,33.4484,-112.074,2024-11-14,79.2,46.8,0.0,3.9
Phoenix,AZ,USA,33.4484,-112.074,2024-11-15,69.5,46.9,0.0,7.2
Phoenix,AZ,USA,33.4484,-112.074,2024-11-16,61.4,47.8,0.0,5.8
Phoenix,AZ,USA,33.4484,-112.074,2024-11-17,68.1,45.0,0.0,9.4
Phoenix,AZ,USA,33.4484,-112.074,2024-11-18,65.7,44.8,0.0,5.0
Phoenix,AZ,USA,33.4484,-112.074,2024-11-19,68.2,45.0,0.0,4.0
Phoenix,AZ,USA,33.4484,-112.074,2024-11-20,74.5,44.9,0.0,2.9
Phoenix,AZ,USA,33.4484,-112.074,2024-11-21,75.4,44.5,0.0,5.0
Phoenix,AZ,USA,33.4484,-112.074,2024-11-22,78.4,45.9,0.0,4.4
Phoenix,AZ,USA,33.4484,-112.074,2024-11-23,76.5,46.0,0.0,3.9
Phoenix,AZ,USA,33.4484,-112.074,2024-11-24,73.1,46.9,0.0,3.4
Phoenix,AZ,USA,33.4484,-112.074,2024-11-25,74.4,51.9,0.0,3.0
Phoenix,AZ,USA,33.4484,-112.074,2024-11-26,76.9,52.0,0.0,3.7
Phoenix,AZ,USA,33.4484,-112.074,2024-11-27,73.7,58.4,0.0,4.1
Phoenix,AZ,USA,33.4484,-112.074,2024-11-28,72.0,53.0,0.0,2.9
Phoenix,AZ,USA,33.4484,-112.074,2024-11-29,73.2,48.8,0.0,3.8
Phoenix,AZ,USA,33.4484,-112.074,2024-11-30,75.8,51.4,0.0,3.6
Phoenix,AZ,USA,33.4484,-112.074,2024-12-01,74.9,48.2,0.0,3.7
Phoenix,AZ,USA,33.4484,-112.074,2024-12-02,77.7,48.1,0.0,3.7
Phoenix,AZ,USA,33.4484,-112.074,2024-12-03,78.4,53.0,0.0,5.3
Phoenix,AZ,USA,33.4484,-112.074,2024-12-04,73.4,48.9,0.0,3.6
Phoenix,AZ,USA,33.4484,-112.074,2024-12-05,74.7,48.7,0.0,3.5
Phoenix,AZ,USA,33.4484,-112.074,2024-12-06,76.6,53.4,0.0,6.9
Phoenix,AZ,USA,33.4484,-112.074,2024-12-07,73.3,53.6,0.0,4.2
Phoenix,AZ,USA,33.4484,-112.074,2024-12-08,70.5,46.9,0.0,4.4
Phoenix,AZ,USA,33.4484,-112.074,2024-12-09,70.4,46.2,0.0,7.8
Phoenix,AZ,USA,33.4484,-112.074,2024-12-10,63.5,46.9,0.0,7.1
Phoenix,AZ,USA,33.4484,-112.074,2024-12-11,68.9,40.3,0.0,3.7
Phoenix,AZ,USA,33.4484,-112.074,2024-12-12,71.3,50.1,0.0,5.4
Phoenix,AZ,USA,33.4484,-112.074,2024-12-13,65.5,45.0,0.0,2.9
Phoenix,AZ,USA,33.4484,-112.074,2024-12-14,67.7,43.3,0.0,3.8
Phoenix,AZ,USA,33.4484,-112.074,2024-12-15,68.4,41.5,0.0,3.3
Phoenix,AZ,USA,33.4484,-112.074,2024-12-16,67.6,39.1,0.0,5.2
Phoenix,AZ,USA,33.4484,-112.074,2024-12-17,70.3,40.0,0.0,3.3
Phoenix,AZ,USA,33.4484,-112.074,2024-12-18,79.9,46.6,0.0,7.0
Phoenix,AZ,USA,33.4484,-112.074,2024-12-19,78.8,50.7,0.0,6.8
Phoenix,AZ,USA,33.4484,-112.074,2024-12-20,79.0,48.9,0.0,5.2
Phoenix,AZ,USA,33.4484,-112.074,2024-12-21,74.6,47.2,0.0,5.5
Phoenix,AZ,USA,33.4484,-112.074,2024-12-22,71.7,43.0,0.0,3.8
Phoenix,AZ,USA,33.4484,-112.074,2024-12-23,73.6,49.8,0.0,4.4
Phoenix,AZ,USA,33.4484,-112.074,2024-12-24,73.4,47.6,0.0,4.6
Phoenix,AZ,USA,33.4484,-112.074,2024-12-25,66.7,51.2,0.0,5.1
Phoenix,AZ,USA,33.4484,-112.074,2024-12-26,64.2,46.4,0.0,3.7
Phoenix,AZ,USA,33.4484,-112.074,2024-12-27,64.0,41.5,0.0,3.8
Phoenix,AZ,USA,33.4484,-112.074,2024-12-28,65.9,41.4,0.0,4.0
Phoenix,AZ,USA,33.4484,-112.074,2024-12-29,70.9,42.4,0.0,2.9
Phoenix,AZ,USA,33.4484,-112.074,2024-12-30,70.3,42.3,0.0,3.6
Phoenix,AZ,USA,33.4484,-112.074,2024-12-31,68.9,43.3,0.0,3.6
Reno,NV,USA,39.5296,-119.8138,2024-01-01,42.9,29.5,0.0,4.8
Reno,NV,USA,39.5296,-119.8138,2024-01-02,42.6,23.1,0.004,5.4
Reno,NV,USA,39.5296,-119.8138,2024-01-03,39.4,26.7,0.157,10.2
Reno,NV,USA,39.5296,-119.8138,2024-01-04,41.3,21.0,0.0,6.2
Reno,NV,USA,39.5296,-119.8138,2024-01-05,40.7,25.4,0.0,5.9
Reno,NV,USA,39.5296,-119.8138,2024-01-06,37.4,19.2,0.378,8.8
Reno,NV,USA,39.5296,-119.8138,2024-01-07,32.5,10.1,0.0,6.5
Reno,NV,USA,39.5296,-119.8138,2024-01-08,33.6,13.4,0.0,4.9
Reno,NV,USA,39.5296,-119.8138,2024-01-09,43.9,22.6,0.004,13.3
Reno,NV,USA,39.5296,-119.8138,2024-01-10,39.0,26.7,0.433,11.5
Reno,NV,USA,39.5296,-119.8138,2024-01-11,25.8,-0.1,0.012,6.8
Reno,NV,USA,39.5296,-119.8138,2024-01-12,36.7,11.3,0.0,6.4
Reno,NV,USA,39.5296,-119.8138,2024-01-13,43.6,25.7,0.205,13.5
Reno,NV,USA,39.5296,-119.8138,2024-01-14,48.0,30.3,0.02,14.2
Reno,NV,USA,39.5296,-119.8138,2024-01-15,42.7,27.7,0.0,5.2
Reno,NV,USA,39.5296,-119.8138,2024-01-16,48.3,26.5,0.087,5.5
Reno,NV,USA,39.5296,-119.8138,2024-01-17,46.9,29.5,0.008,8.5
Reno,NV,USA,39.5296,-119.8138,2024-01-18,48.9,27.1,0.0,4.8
Reno,NV,USA,39.5296,-119.8138,2024-01-19,48.8,39.1,0.004,4.0
Reno,NV,USA,39.5296,-119.8138,2024-01-20,50.0,34.6,0.075,6.9
Reno,NV,USA,39.5296,-119.8138,2024-01-21,49.6,30.9,0.055,4.7
Reno,NV,USA,39.5296,-119.8138,2024-01-22,44.2,33.6,0.201,5.4
Reno,NV,USA,39.5296,-119.8138,2024-01-23,45.8,26.3,0.0,5.8
Reno,NV,USA,39.5296,-119.8138,2024-01-24,48.0,31.4,0.067,5.0
Reno,NV,USA,39.5296,-119.8138,2024-01-25,47.2,29.6,0.012,6.2
Reno,NV,USA,39.5296,-119.8138,2024-01-26,48.2,28.0,0.0,6.8
Reno,NV,USA,39.5296,-119.8138,2024-01-27,53.1,40.6,0.0,4.5
Reno,NV,USA,39.5296,-119.8138,2024-01-28,61.1,42.0,0.0,3.8
Reno,NV,USA,39.5296,-119.8138,2024-01-29,60.7,40.3,0.0,7.0
Reno,NV,USA,39.5296,-119.8138,2024-01-30,60.4,34.5,0.0,7.1
Reno,NV,USA,39.5296,-119.8138,2024-01-31,58.0,37.5,0.043,10.1
Reno,NV,USA,39.5296,-119.8138,2024-02-01,46.8,32.5,0.193,6.9
Reno,NV,USA,39.5296,-119.8138,2024-02-02,41.5,28.5,0.039,6.7
Reno,NV,USA,39.5296,-119.8138,2024-02-03,37.9,27.8,0.067,5.8
Reno,NV,USA,39.5296,-119.8138,2024-02-04,34.6,29.6,0.878,5.4
Reno,NV,USA,39.5296,-119.8138,2024-02-05,38.7,23.4,0.02,9.1
Reno,NV,USA,39.5296,-119.8138,2024-02-06,36.3,18.0,0.008,6.2
Reno,NV,USA,39.5296,-119.8138,2024-02-07,35.2,13.1,0.091,6.5
Reno,NV,USA,39.5296,-119.8138,2024-02-08,32.6,17.5,0.02,3.8
Reno,NV,USA,39.5296,-119.8138,2024-02-09,35.0,13.1,0.004,6.9
Reno,NV,USA,39.5296,-119.8138,2024-02-10,33.2,17.2,0.0,5.4
Reno,NV,USA,39.5296,-119.8138,2024-02-11,37.2,17.5,0.0,5.0
Reno,NV,USA,39.5296,-119.8138,2024-02-12,41.2,22.6,0.0,5.6
Reno,NV,USA,39.5296,-119.8138,2024-02-13,45.8,21.3,0.0,6.7
Reno,NV,USA,39.5296,-119.8138,2024-02-14,48.2,21.7,0.134,6.4
Reno,NV,USA,39.5296,-119.8138,2024-02-15,44.1,33.0,0.22,5.7
Reno,NV,USA,39.5296,-119.8138,2024-02-16,43.9,27.1,0.012,5.3
Reno,NV,USA,39.5296,-119.8138,2024-02-17,46.6,33.6,0.102,5.0
Reno,NV,USA,39.5296,-119.8138,2024-02-18,53.7,37.8,0.008,9.2
Reno,NV,USA,39.5296,-119.8138,2024-02-19,48.7,35.4,0.484,10.4
Reno,NV,USA,39.5296,-119.8138,2024-02-20,49.2,29.0,0.189,5.4
Reno,NV,USA,39.5296,-119.8138,2024-02-21,47.8,27.2,0.126,6.9
Reno,NV,USA,39.5296,-119.8138,2024-02-22,46.9,23.8,0.0,6.7
Reno,NV,USA,39.5296,-119.8138,2024-02-23,49.5,28.6,0.0,6.8
Reno,NV,USA,39.5296,-119.8138,2024-02-24,51.4,28.6,0.0,6.9
Reno,NV,USA,39.5296,-119.8138,2024-02-25,56.3,27.1,0.0,8.3
Reno,NV,USA,39.5296,-119.8138,2024-02-26,49.1,27.8,0.0,12.7
Reno,NV,USA,39.5296,-119.8138,2024-02-27,45.3,30.7,0.051,7.9
Reno,NV,USA,39.5296,-119.8138,2024-02-28,55.0,28.2,0.004,5.8
Reno,NV,USA,39.5296,-119.8138,2024-02-29,48.3,34.4,0.374,13.5
Reno,NV,USA,39.5296,-119.8138,2024-03-01,41.5,36.1,0.925,10.1
Reno,NV,USA,39.5296,-119.8138,2024-03-02,36.2,27.9,1.209,9.1
Reno,NV,USA,39.5296,-119.8138,2024-03-03,36.1,24.1,0.307,6.8
Reno,NV,USA,39.5296,-119.8138,2024-03-04,37.2,28.8,0.008,7.2
Reno,NV,USA,39.5296,-119.8138,2024-03-05,45.5,31.3,0.0,5.1
Reno,NV,USA,39.5296,-119.8138,2024-03-06,44.9,28.0,0.0,4.7
Reno,NV,USA,39.5296,-119.8138,2024-03-07,41.9,24.9,0.024,7.5
Reno,NV,USA,39.5296,-119.8138,2024-03-08,45.6,25.9,0.0,5.1
Reno,NV,USA,39.5296,-119.8138,2024-03-09,51.1,23.0,0.0,6.9
Reno,NV,USA,39.5296,-119.8138,2024-03-10,52.5,29.1,0.0,4.9
Reno,NV,USA,39.5296,-119.8138,2024-03-11,49.1,34.3,0.008,8.3
Reno,NV,USA,39.5296,-119.8138,2024-03-12,49.2,32.5,0.024,12.5
Reno,NV,USA,39.5296,-119.8138,2024-03-13,43.8,24.2,0.0,10.1
Reno,NV,USA,39.5296,-119.8138,2024-03-14,46.0,28.9,0.0,11.3
Reno,NV,USA,39.5296,-119.8138,2024-03-15,51.4,32.9,0.0,9.4
Reno,NV,USA,39.5296,-119.8138,2024-03-16,55.0,32.1,0.0,6.4
Reno,NV,USA,39.5296,-119.8138,2024-03-17,58.3,32.9,0.0,7.4
Reno,NV,USA,39.5296,-119.8138,2024-03-18,61.6,38.1,0.0,6.0
Reno,NV,USA,39.5296,-119.8138,2024-03-19,64.6,33.3,0.0,7.6
Reno,NV,USA,39.5296,-119.8138,2024-03-20,62.2,31.1,0.0,9.5
Reno,NV,USA,39.5296,-119.8138,2024-03-21,61.1,33.3,0.0,7.6
Reno,NV,USA,39.5296,-119.8138,2024-03-22,59.7,33.3,0.028,12.5
Reno,NV,USA,39.5296,-119.8138,2024-03-23,47.0,34.0,0.154,11.5
Reno,NV,USA,39.5296,-119.8138,2024-03-24,45.9,32.6,0.067,9.3
Reno,NV,USA,39.5296,-119.8138,2024-03-25,51.3,25.5,0.024,12.7
Reno,NV,USA,39.5296,-119.8138,2024-03-26,54.7,30.7,0.004,11.7
Reno,NV,USA,39.5296,-119.8138,2024-03-27,54.9,29.3,0.0,8.8
Reno,NV,USA,39.5296,-119.8138,2024-03-28,48.4,34.2,0.13,12.5
Reno,NV,USA,39.5296,-119.8138,2024-03-29,44.6,31.4,0.118,8.7
Reno,NV,USA,39.5296,-119.8138,2024-03-30,43.0,34.4,0.307,5.4
Reno,NV,USA,39.5296,-119.8138,2024-03-31,47.7,30.7,0.244,14.7
Reno,NV,USA,39.5296,-119.8138,2024-04-01,52.9,29.8,0.0,6.0
Reno,NV,USA,39.5296,-119.8138,2024-04-02,65.2,36.6,0.0,8.1
Reno,NV,USA,39.5296,-119.8138,2024-04-03,63.6,35.1,0.008,11.4
Reno,NV,USA,39.5296,-119.8138,2024-04-04,47.7,27.7,0.008,15.8
Reno,NV,USA,39.5296,-119.8138,2024-04-05,41.4,25.4,0.055,10.1
Reno,NV,USA,39.5296,-119.8138,2024-04-06,50.0,22.5,0.0,10.3
Reno,NV,USA,39.5296,-119.8138,2024-04-07,45.3,24.8,0.028,7.8
Reno,NV,USA,39.5296,-119.8138,2024-04-08,54.5,32.9,0.0,9.9
Reno,NV,USA,39.5296,-119.8138,2024-04-09,64.9,32.5,0.0,6.1
Reno,NV,USA,39.5296,-119.8138,2024-04-10,70.4,38.9,0.0,8.1
Reno,NV,USA,39.5296,-119.8138,2024-04-11,72.8,40.5,0.0,11.0
Reno,NV,USA,39.5296,-119.8138,2024-04-12,69.3,39.9,0.0,13.3
Reno,NV,USA,39.5296,-119.8138,2024-04-13,64.2,38.8,0.134,14.9
Reno,NV,USA,39.5296,-119.8138,2024-04-14,50.4,37.1,0.043,9.7
Reno,NV,USA,39.5296,-119.8138,2024-04-15,63.1,40.5,0.004,10.1
Reno,NV,USA,39.5296,-119.8138,2024-04-16,68.9,35.4,0.0,10.6
Reno,NV,USA,39.5296,-119.8138,2024-04-17,70.9,37.0,0.0,11.9
Reno,NV,USA,39.5296,-119.8138,2024-04-18,67.0,40.3,0.0,7.4
Reno,NV,USA,39.5296,-119.8138,2024-04-19,71.8,44.7,0.0,10.1
Reno,NV,USA,39.5296,-119.8138,2024-04-20,74.4,41.6,0.0,9.5
Reno,NV,USA,39.5296,-119.8138,2024-04-21,78.0,42.7,0.0,7.7
Reno,NV,USA,39.5296,-119.8138,2024-04-22,76.1,49.4,0.0,9.9
Reno,NV,USA,39.5296,-119.8138,2024-04-23,69.0,47.3,0.102,9.3
Reno,NV,USA,39.5296,-119.8138,2024-04-24,67.9,40.3,0.004,12.1
Reno,NV,USA,39.5296,-119.8138,2024-04-25,62.6,39.7,0.063,13.9
Reno,NV,USA,39.5296,-119.8138,2024-04-26,55.1,42.4,0.028,11.6
Reno,NV,USA,39.5296,-119.8138,2024-04-27,65.0,34.0,0.0,10.9
Reno,NV,USA,39.5296,-119.8138,2024-04-28,69.2,37.8,0.0,12.5
Reno,NV,USA,39.5296,-119.8138,2024-04-29,66.7,35.9,0.0,13.9
Reno,NV,USA,39.5296,-119.8138,2024-04-30,67.8,34.7,0.0,12.3
Reno,NV,USA,39.5296,-119.8138,2024-05-01,63.5,35.5,0.0,11.5
Reno,NV,USA,39.5296,-119.8138,2024-05-02,69.1,38.0,0.0,15.1
Reno,NV,USA,39.5296,-119.8138,2024-05-03,69.4,40.5,0.0,10.1
Reno,NV,USA,39.5296,-119.8138,2024-05-04,54.6,35.8,0.492,11.1
Reno,NV,USA,39.5296,-119.8138,2024-05-05,48.9,32.5,0.0,14.9
Reno,NV,USA,39.5296,-119.8138,2024-05-06,61.9,29.7,0.0,13.3
Reno,NV,USA,39.5296,-119.8138,2024-05-07,57.8,32.7,0.0,14.3
Reno,NV,USA,39.5296,-119.8138,2024-05-08,57.6,38.2,0.0,11.4
Reno,NV,USA,39.5296,-119.8138,2024-05-09,69.1,39.5,0.0,10.9
Reno,NV,USA,39.5296,-119.8138,2024-05-10,74.0,50.8,0.0,12.2
Reno,NV,USA,39.5296,-119.8138,2024-05-11,75.0,46.4,0.0,7.8
Reno,NV,USA,39.5296,-119.8138,2024-05-12,78.5,46.4,0.0,14.7
Reno,NV,USA,39.5296,-119.8138,2024-05-13,79.9,48.0,0.0,11.8
Reno,NV,USA,39.5296,-119.8138,2024-05-14,82.5,50.0,0.0,10.9
Reno,NV,USA,39.5296,-119.8138,2024-05-15,80.3,54.9,0.0,9.1
Reno,NV,USA,39.5296,-119.8138,2024-05-16,86.8,52.3,0.0,12.8
Reno,NV,USA,39.5296,-119.8138,2024-05-17,83.3,51.3,0.0,9.9
Reno,NV,USA,39.5296,-119.8138,2024-05-18,83.2,52.6,0.0,14.1
Reno,NV,USA,39.5296,-119.8138,2024-05-19,74.3,50.8,0.012,14.3
Reno,NV,USA,39.5296,-119.8138,2024-05-20,64.0,45.0,0.0,11.9
Reno,NV,USA,39.5296,-119.8138,2024-05-21,67.3,48.0,0.0,7.4
Reno,NV,USA,39.5296,-119.8138,2024-05-22,74.7,45.1,0.0,15.8
Reno,NV,USA,39.5296,-119.8138,2024-05-23,68.5,46.4,0.0,8.6
Reno,NV,USA,39.5296,-119.8138,2024-05-24,70.9,46.8,0.02,12.4
Reno,NV,USA,39.5296,-119.8138,2024-05-25,72.4,45.0,0.0,12.5
Reno,NV,USA,39.5296,-119.8138,2024-05-26,75.4,44.6,0.0,7.9
Reno,NV,USA,39.5296,-119.8138,2024-05-27,81.9,51.8,0.0,9.0
Reno,NV,USA,39.5296,-119.8138,2024-05-28,83.0,52.1,0.0,13.6
Reno,NV,USA,39.5296,-119.8138,2024-05-29,76.4,50.0,0.0,11.3
Reno,NV,USA,39.5296,-119.8138,2024-05-30,78.5,52.2,0.0,8.5
Reno,NV,USA,39.5296,-119.8138,2024-05-31,81.2,59.5,0.0,10.5
Reno,NV,USA,39.5296,-119.8138,2024-06-01,82.1,54.2,0.004,11.7
Reno,NV,USA,39.5296,-119.8138,2024-06-02,82.4,54.9,0.0,12.9
Reno,NV,USA,39.5296,-119.8138,2024-06-03,75.2,62.9,0.0,13.6
Reno,NV,USA,39.5296,-119.8138,2024-06-04,84.8,52.8,0.0,6.6
Reno,NV,USA,39.5296,-119.8138,2024-06-05,91.0,60.4,0.0,8.0
Reno,NV,USA,39.5296,-119.8138,2024-06-06,93.4,64.2,0.0,12.0
Reno,NV,USA,39.5296,-119.8138,2024-06-07,95.0,60.5,0.0,11.1
Reno,NV,USA,39.5296,-119.8138,2024-06-08,93.9,58.8,0.0,11.5
Reno,NV,USA,39.5296,-119.8138,2024-06-09,90.5,56.9,0.0,13.2
Reno,NV,USA,39.5296,-119.8138,2024-06-10,88.6,60.4,0.0,6.9
Reno,NV,USA,39.5296,-119.8138,2024-06-11,93.1,63.2,0.0,9.4
Reno,NV,USA,39.5296,-119.8138,2024-06-12,95.9,62.8,0.0,11.7
Reno,NV,USA,39.5296,-119.8138,2024-06-13,94.2,60.2,0.0,14.1
Reno,NV,USA,39.5296,-119.8138,2024-06-14,87.8,59.0,0.0,13.7
Reno,NV,USA,39.5296,-119.8138,2024-06-15,84.3,53.9,0.0,11.0
Reno,NV,USA,39.5296,-119.8138,2024-06-16,82.3,53.8,0.0,14.4
Reno,NV,USA,39.5296,-119.8138,2024-06-17,66.2,50.7,0.0,15.5
Reno,NV,USA,39.5296,-119.8138,2024-06-18,73.5,51.4,0.0,9.4
Reno,NV,USA,39.5296,-119.8138,2024-06-19,79.2,49.7,0.0,9.5
Reno,NV,USA,39.5296,-119.8138,2024-06-20,85.7,54.8,0.0,8.2
Reno,NV,USA,39.5296,-119.8138,2024-06-21,90.0,58.8,0.0,9.1
Reno,NV,USA,39.5296,-119.8138,2024-06-22,97.7,61.4,0.0,11.0
Reno,NV,USA,39.5296,-119.8138,2024-06-23,93.3,61.6,0.0,10.5
Reno,NV,USA,39.5296,-119.8138,2024-06-24,92.6,61.2,0.0,11.6
Reno,NV,USA,39.5296,-119.8138,2024-06-25,90.9,63.7,0.083,10.2
Reno,NV,USA,39.5296,-119.8138,2024-06-26,87.7,62.6,0.0,12.4
Reno,NV,USA,39.5296,-119.8138,2024-06-27,87.1,56.7,0.0,11.4
Reno,NV,USA,39.5296,-119.8138,2024-06-28,88.7,56.3,0.0,11.9
Reno,NV,USA,39.5296,-119.8138,2024-06-29,90.5,58.5,0.0,13.1
Reno,NV,USA,39.5296,-119.8138,2024-06-30,87.4,61.3,0.0,10.5
Reno,NV,USA,39.5296,-119.8138,2024-07-01,89.7,59.8,0.0,12.4
Reno,NV,USA,39.5296,-119.8138,2024-07-02,91.3,68.4,0.0,10.6
Reno,NV,USA,39.5296,-119.8138,2024-07-03,93.1,65.8,0.0,10.2
Reno,NV,USA,39.5296,-119.8138,2024-07-04,94.6,65.3,0.0,7.0
Reno,NV,USA,39.5296,-119.8138,2024-07-05,97.8,64.9,0.0,9.5
Reno,NV,USA,39.5296,-119.8138,2024-07-06,100.3,69.3,0.0,10.5
Reno,NV,USA,39.5296,-119.8138,2024-07-07,101.0,66.5,0.0,12.6
Reno,NV,USA,39.5296,-119.8138,2024-07-08,104.5,67.2,0.0,11.9
Reno,NV,USA,39.5296,-119.8138,2024-07-09,102.0,65.8,0.0,11.5
Reno,NV,USA,39.5296,-119.8138,2024-07-10,100.8,64.9,0.0,12.6
Reno,NV,USA,39.5296,-119.8138,2024-07-11,102.1,64.8,0.0,10.8
Reno,NV,USA,39.5296,-119.8138,2024-07-12,100.1,67.2,0.0,11.7
Reno,NV,USA,39.5296,-119.8138,2024-07-13,97.5,72.3,0.004,12.9
Reno,NV,USA,39.5296,-119.8138,2024-07-14,89.2,71.2,0.024,13.6
Reno,NV,USA,39.5296,-119.8138,2024-07-15,88.3,62.5,0.0,12.5
Reno,NV,USA,39.5296,-119.8138,2024-07-16,90.7,64.4,0.0,10.8
Reno,NV,USA,39.5296,-119.8138,2024-07-17,93.7,63.0,0.0,9.5
Reno,NV,USA,39.5296,-119.8138,2024-07-18,97.3,61.1,0.0,10.8
Reno,NV,USA,39.5296,-119.8138,2024-07-19,96.2,65.2,0.0,9.2
Reno,NV,USA,39.5296,-119.8138,2024-07-20,99.1,66.9,0.0,16.4
Reno,NV,USA,39.5296,-119.8138,2024-07-21,96.4,69.3,0.0,9.7
Reno,NV,USA,39.5296,-119.8138,2024-07-22,96.6,69.0,0.0,13.9
Reno,NV,USA,39.5296,-119.8138,2024-07-23,97.1,68.7,0.0,10.4
Reno,NV,USA,39.5296,-119.8138,2024-07-24,91.6,68.5,0.154,7.6
Reno,NV,USA,39.5296,-119.8138,2024-07-25,92.6,67.0,0.0,11.9
Reno,NV,USA,39.5296,-119.8138,2024-07-26,94.3,59.6,0.0,10.2
Reno,NV,USA,39.5296,-119.8138,2024-07-27,82.9,61.2,0.0,10.7
Reno,NV,USA,39.5296,-119.8138,2024-07-28,88.9,54.5,0.0,10.5
Reno,NV,USA,39.5296,-119.8138,2024-07-29,88.0,55.5,0.0,10.3
Reno,NV,USA,39.5296,-119.8138,2024-07-30,90.3,56.4,0.0,11.5
Reno,NV,USA,39.5296,-119.8138,2024-07-31,94.8,62.8,0.0,10.8
Reno,NV,USA,39.5296,-119.8138,2024-08-01,99.0,62.7,0.0,12.4
Reno,NV,USA,39.5296,-119.8138,2024-08-02,96.4,64.9,0.0,15.0
Reno,NV,USA,39.5296,-119.8138,2024-08-03,86.5,71.0,0.13,12.1
Reno,NV,USA,39.5296,-119.8138,2024-08-04,94.4,62.5,0.0,11.2
Reno,NV,USA,39.5296,-119.8138,2024-08-05,96.4,64.5,0.0,9.4
Reno,NV,USA,39.5296,-119.8138,2024-08-06,97.6,64.1,0.0,9.2
Reno,NV,USA,39.5296,-119.8138,2024-08-07,98.0,64.3,0.0,10.2
Reno,NV,USA,39.5296,-119.8138,2024-08-08,96.1,66.1,0.0,9.9
Reno,NV,USA,39.5296,-119.8138,2024-08-09,94.8,63.7,0.0,11.5
Reno,NV,USA,39.5296,-119.8138,2024-08-10,94.3,61.6,0.0,12.0
Reno,NV,USA,39.5296,-119.8138,2024-08-11,93.2,58.6,0.0,14.1
Reno,NV,USA,39.5296,-119.8138,2024-08-12,88.4,58.2,0.004,13.5
Reno,NV,USA,39.5296,-119.8138,2024-08-13,85.7,54.0,0.0,11.6
Reno,NV,USA,39.5296,-119.8138,2024-08-14,86.4,55.4,0.0,12.2
Reno,NV,USA,39.5296,-119.8138,2024-08-15,86.2,54.8,0.0,11.6
Reno,NV,USA,39.5296,-119.8138,2024-08-16,88.0,57.0,0.0,9.6
Reno,NV,USA,39.5296,-119.8138,2024-08-17,84.0,55.6,0.0,13.3
Reno,NV,USA,39.5296,-119.8138,2024-08-18,85.6,53.3,0.0,10.1
Reno,NV,USA,39.5296,-119.8138,2024-08-19,86.8,54.0,0.0,10.7
Reno,NV,USA,39.5296,-119.8138,2024-08-20,86.5,55.0,0.0,10.7
Reno,NV,USA,39.5296,-119.8138,2024-08-21,85.3,52.3,0.0,11.1
Reno,NV,USA,39.5296,-119.8138,2024-08-22,82.7,53.3,0.0,15.2
Reno,NV,USA,39.5296,-119.8138,2024-08-23,67.9,54.6,0.0,9.1
Reno,NV,USA,39.5296,-119.8138,2024-08-24,59.3,51.4,0.059,9.0
Reno,NV,USA,39.5296,-119.8138,2024-08-25,69.1,43.2,0.0,5.7
Reno,NV,USA,39.5296,-119.8138,2024-08-26,79.7,52.7,0.0,7.3
Reno,NV,USA,39.5296,-119.8138,2024-08-27,86.9,54.2,0.0,9.9
Reno,NV,USA,39.5296,-119.8138,2024-08-28,89.0,56.7,0.0,9.0
Reno,NV,USA,39.5296,-119.8138,2024-08-29,89.5,61.0,0.0,8.1
Reno,NV,USA,39.5296,-119.8138,2024-08-30,91.0,61.3,0.0,8.3
Reno,NV,USA,39.5296,-119.8138,2024-08-31,91.9,59.5,0.0,11.2
Reno,NV,USA,39.5296,-119.8138,2024-09-01,91.0,61.0,0.0,10.2
Reno,NV,USA,39.5296,-119.8138,2024-09-02,87.3,61.2,0.0,13.8
Reno,NV,USA,39.5296,-119.8138,2024-09-03,86.9,55.8,0.0,11.7
Reno,NV,USA,39.5296,-119.8138,2024-09-04,87.8,62.2,0.0,8.4
Reno,NV,USA,39.5296,-119.8138,2024-09-05,91.7,65.8,0.0,7.9
Reno,NV,USA,39.5296,-119.8138,2024-09-06,90.9,60.9,0.0,13.5
Reno,NV,USA,39.5296,-119.8138,2024-09-07,92.1,62.0,0.0,11.7
Reno,NV,USA,39.5296,-119.8138,2024-09-08,89.1,57.0,0.0,8.6
Reno,NV,USA,39.5296,-119.8138,2024-09-09,89.2,55.1,0.0,8.7
Reno,NV,USA,39.5296,-119.8138,2024-09-10,88.2,56.3,0.0,11.9
Reno,NV,USA,39.5296,-119.8138,2024-09-11,77.7,51.0,0.0,15.4
Reno,NV,USA,39.5296,-119.8138,2024-09-12,71.2,48.7,0.0,8.1
Reno,NV,USA,39.5296,-119.8138,2024-09-13,77.5,55.4,0.0,5.1
Reno,NV,USA,39.5296,-119.8138,2024-09-14,82.9,52.1,0.0,11.5
Reno,NV,USA,39.5296,-119.8138,2024-09-15,77.0,51.8,0.0,13.5
Reno,NV,USA,39.5296,-119.8138,2024-09-16,66.3,48.6,0.031,12.7
Reno,NV,USA,39.5296,-119.8138,2024-09-17,67.6,51.3,0.004,9.7
Reno,NV,USA,39.5296,-119.8138,2024-09-18,67.3,51.4,0.169,10.8
Reno,NV,USA,39.5296,-119.8138,2024-09-19,69.4,47.8,0.0,7.9
Reno,NV,USA,39.5296,-119.8138,2024-09-20,74.3,48.4,0.0,5.8
Reno,NV,USA,39.5296,-119.8138,2024-09-21,74.9,51.0,0.0,9.4
Reno,NV,USA,39.5296,-119.8138,2024-09-22,77.6,55.8,0.0,7.4
Reno,NV,USA,39.5296,-119.8138,2024-09-23,79.5,53.4,0.0,4.7
Reno,NV,USA,39.5296,-119.8138,2024-09-24,82.9,59.0,0.0,7.4
Reno,NV,USA,39.5296,-119.8138,2024-09-25,86.0,53.5,0.0,13.6
Reno,NV,USA,39.5296,-119.8138,2024-09-26,83.6,52.0,0.0,9.2
Reno,NV,USA,39.5296,-119.8138,2024-09-27,85.8,58.5,0.0,6.7
Reno,NV,USA,39.5296,-119.8138,2024-09-28,90.1,55.0,0.0,9.3
Reno,NV,USA,39.5296,-119.8138,2024-09-29,82.3,50.9,0.0,7.5
Reno,NV,USA,39.5296,-119.8138,2024-09-30,78.9,56.9,0.0,7.8
Reno,NV,USA,39.5296,-119.8138,2024-10-01,86.5,55.9,0.0,6.8
Reno,NV,USA,39.5296,-119.8138,2024-10-02,88.4,52.5,0.0,9.4
Reno,NV,USA,39.5296,-119.8138,2024-10-03,88.8,50.5,0.0,9.7
Reno,NV,USA,39.5296,-119.8138,2024-10-04,83.5,54.4,0.0,14.0
Reno,NV,USA,39.5296,-119.8138,2024-10-05,85.2,52.2,0.0,7.3
Reno,NV,USA,39.5296,-119.8138,2024-10-06,83.2,55.5,0.0,6.8
Reno,NV,USA,39.5296,-119.8138,2024-10-07,82.9,55.9,0.0,11.6
Reno,NV,USA,39.5296,-119.8138,2024-10-08,82.8,52.4,0.0,10.9
Reno,NV,USA,39.5296,-119.8138,2024-10-09,84.2,49.1,0.0,9.4
Reno,NV,USA,39.5296,-119.8138,2024-10-10,81.1,50.9,0.0,7.1
Reno,NV,USA,39.5296,-119.8138,2024-10-11,80.6,47.4,0.0,7.9
Reno,NV,USA,39.5296,-119.8138,2024-10-12,75.0,47.5,0.0,8.5
Reno,NV,USA,39.5296,-119.8138,2024-10-13,71.2,49.6,0.0,6.7
Reno,NV,USA,39.5296,-119.8138,2024-10-14,76.4,50.1,0.0,5.2
Reno,NV,USA,39.5296,-119.8138,2024-10-15,76.4,48.6,0.0,8.9
Reno,NV,USA,39.5296,-119.8138,2024-10-16,57.0,45.4,0.28,6.3
Reno,NV,USA,39.5296,-119.8138,2024-10-17,55.4,37.4,0.165,13.0
Reno,NV,USA,39.5296,-119.8138,2024-10-18,51.2,30.6,0.0,4.8
Reno,NV,USA,39.5296,-119.8138,2024-10-19,58.7,38.6,0.0,5.1
Reno,NV,USA,39.5296,-119.8138,2024-10-20,63.4,43.7,0.0,6.5
Reno,NV,USA,39.5296,-119.8138,2024-10-21,69.2,40.9,0.0,6.8
Reno,NV,USA,39.5296,-119.8138,2024-10-22,71.7,41.8,0.0,6.1
Reno,NV,USA,39.5296,-119.8138,2024-10-23,73.7,41.4,0.0,11.5
Reno,NV,USA,39.5296,-119.8138,2024-10-24,56.3,38.4,0.0,5.2
Reno,NV,USA,39.5296,-119.8138,2024-10-25,67.6,40.1,0.0,5.9
Reno,NV,USA,39.5296,-119.8138,2024-10-26,73.5,42.9,0.0,6.1
Reno,NV,USA,39.5296,-119.8138,2024-10-27,66.4,44.5,0.0,8.5
Reno,NV,USA,39.5296,-119.8138,2024-10-28,53.7,41.0,0.067,9.0
Reno,NV,USA,39.5296,-119.8138,2024-10-29,49.3,32.6,0.0,5.3
Reno,NV,USA,39.5296,-119.8138,2024-10-30,55.1,30.3,0.0,8.0
Reno,NV,USA,39.5296,-119.8138,2024-10-31,53.8,37.4,0.0,11.3
Reno,NV,USA,39.5296,-119.8138,2024-11-01,57.7,31.7,0.028,7.7
Reno,NV,USA,39.5296,-119.8138,2024-11-02,53.2,37.2,0.016,11.4
Reno,NV,USA,39.5296,-119.8138,2024-11-03,50.1,30.7,0.004,11.4
Reno,NV,USA,39.5296,-119.8138,2024-11-04,53.0,32.0,0.0,4.3
Reno,NV,USA,39.5296,-119.8138,2024-11-05,51.9,34.8,0.0,8.2
Reno,NV,USA,39.5296,-119.8138,2024-11-06,43.8,28.0,0.0,11.1
Reno,NV,USA,39.5296,-119.8138,2024-11-07,51.3,31.3,0.0,2.9
Reno,NV,USA,39.5296,-119.8138,2024-11-08,57.4,37.1,0.0,2.8
Reno,NV,USA,39.5296,-119.8138,2024-11-09,61.0,31.8,0.0,6.2
Reno,NV,USA,39.5296,-119.8138,2024-11-10,62.8,36.9,0.0,7.0
Reno,NV,USA,39.5296,-119.8138,2024-11-11,54.1,32.9,0.181,8.4
Reno,NV,USA,39.5296,-119.8138,2024-11-12,47.4,27.8,0.0,4.2
Reno,NV,USA,39.5296,-119.8138,2024-11-13,58.6,30.2,0.008,9.3
Reno,NV,USA,39.5296,-119.8138,2024-11-14,51.2,34.8,0.035,6.1
Reno,NV,USA,39.5296,-119.8138,2024-11-15,40.2,29.8,0.008,8.8
Reno,NV,USA,39.5296,-119.8138,2024-11-16,42.4,27.0,0.0,3.4
Reno,NV,USA,39.5296,-119.8138,2024-11-17,50.3,28.9,0.0,5.3
Reno,NV,USA,39.5296,-119.8138,2024-11-18,43.6,28.8,0.008,9.6
Reno,NV,USA,39.5296,-119.8138,2024-11-19,45.2,24.1,0.0,5.1
Reno,NV,USA,39.5296,-119.8138,2024-11-20,49.5,32.8,0.181,6.2
Reno,NV,USA,39.5296,-119.8138,2024-11-21,55.0,38.1,0.232,4.7
Reno,NV,USA,39.5296,-119.8138,2024-11-22,53.7,37.2,0.272,6.7
Reno,NV,USA,39.5296,-119.8138,2024-11-23,46.9,35.4,0.685,8.4
Reno,NV,USA,39.5296,-119.8138,2024-11-24,47.5,30.0,0.0,4.0
Reno,NV,USA,39.5296,-119.8138,2024-11-25,41.9,27.6,0.047,3.8
Reno,NV,USA,39.5296,-119.8138,2024-11-26,44.9,27.6,0.173,9.7
Reno,NV,USA,39.5296,-119.8138,2024-11-27,39.7,24.4,0.0,5.0
Reno,NV,USA,39.5296,-119.8138,2024-11-28,39.7,24.6,0.0,2.8
Reno,NV,USA,39.5296,-119.8138,2024-11-29,40.3,21.9,0.0,2.5
Reno,NV,USA,39.5296,-119.8138,2024-11-30,40.6,22.6,0.0,2.8
Reno,NV,USA,39.5296,-119.8138,2024-12-01,40.6,24.6,0.0,2.3
Reno,NV,USA,39.5296,-119.8138,2024-12-02,43.9,27.6,0.0,2.6
Reno,NV,USA,39.5296,-119.8138,2024-12-03,44.7,28.0,0.0,3.0
Reno,NV,USA,39.5296,-119.8138,2024-12-04,45.5,28.5,0.0,2.6
Reno,NV,USA,39.5296,-119.8138,2024-12-05,44.5,29.8,0.0,2.6
Reno,NV,USA,39.5296,-119.8138,2024-12-06,46.3,27.5,0.0,2.9
Reno,NV,USA,39.5296,-119.8138,2024-12-07,45.5,29.8,0.0,3.1
Reno,NV,USA,39.5296,-119.8138,2024-12-08,45.7,27.9,0.0,3.0
Reno,NV,USA,39.5296,-119.8138,2024-12-09,40.8,25.0,0.0,5.2
Reno,NV,USA,39.5296,-119.8138,2024-12-10,38.9,19.6,0.0,2.1
Reno,NV,USA,39.5296,-119.8138,2024-12-11,48.0,24.8,0.0,5.3
Reno,NV,USA,39.5296,-119.8138,2024-12-12,40.9,30.3,0.079,7.2
Reno,NV,USA,39.5296,-119.8138,2024-12-13,39.8,25.8,0.043,3.8
Reno,NV,USA,39.5296,-119.8138,2024-12-14,39.3,31.3,0.555,11.1
Reno,NV,USA,39.5296,-119.8138,2024-12-15,33.9,19.1,0.0,3.0
Reno,NV,USA,39.5296,-119.8138,2024-12-16,43.1,30.2,0.185,3.1
Reno,NV,USA,39.5296,-119.8138,2024-12-17,47.8,29.2,0.0,3.7
Reno,NV,USA,39.5296,-119.8138,2024-12-18,45.5,28.6,0.0,3.2
Reno,NV,USA,39.5296,-119.8138,2024-12-19,45.1,28.1,0.0,2.3
Reno,NV,USA,39.5296,-119.8138,2024-12-20,47.3,30.6,0.0,3.3
Reno,NV,USA,39.5296,-119.8138,2024-12-21,51.2,31.6,0.012,6.4
Reno,NV,USA,39.5296,-119.8138,2024-12-22,53.5,38.8,0.043,3.6
Reno,NV,USA,39.5296,-119.8138,2024-12-23,52.8,35.2,0.0,4.1
Reno,NV,USA,39.5296,-119.8138,2024-12-24,44.6,29.5,0.11,7.3
Reno,NV,USA,39.5296,-119.8138,2024-12-25,41.8,27.6,0.0,5.1
Reno,NV,USA,39.5296,-119.8138,2024-12-26,47.9,36.1,0.059,6.2
Reno,NV,USA,39.5296,-119.8138,2024-12-27,52.3,38.0,0.154,10.5
Reno,NV,USA,39.5296,-119.8138,2024-12-28,53.6,37.0,0.012,4.8
Reno,NV,USA,39.5296,-119.8138,2024-12-29,46.1,33.6,0.657,5.9
Reno,NV,USA,39.5296,-119.8138,2024-12-30,42.6,27.4,0.0,5.0
Reno,NV,USA,39.5296,-119.8138,2024-12-31,38.8,25.3,0.0,5.4
